Marital status,Application mode,Application order,Course,Daytime/evening attendance	,Previous qualification,Previous qualification (grade),Nacionality,Mother's qualification,Father's qualification,Mother's occupation,Father's occupation,Admission grade,Displaced,Educational special needs,Debtor,Tuition fees up to date,Gender,Scholarship holder,Age at enrollment,International,Curricular units 1st sem (credited),Curricular units 1st sem (enrolled),Curricular units 1st sem (evaluations),Curricular units 1st sem (approved),Curricular units 1st sem (grade),Curricular units 1st sem (without evaluations),Curricular units 2nd sem (credited),Curricular units 2nd sem (enrolled),Curricular units 2nd sem (evaluations),Curricular units 2nd sem (approved),Curricular units 2nd sem (grade),Curricular units 2nd sem (without evaluations),Unemployment rate,Inflation rate,GDP,Target
1.0,17.0,5.0,171.0,1.0,1.0,122.0,1.0,19.0,12.0,5.0,9.0,127.3,1.0,0.0,0.0,1.0,1.0,0.0,20.0,0.0,0.0,0.0,0.0,0.0,0.0,0.0,0.0,0.0,0.0,0.0,0.0,0.0,10.8,1.4,1.74,0
1.0,15.0,1.0,9254.0,1.0,1.0,160.0,1.0,1.0,3.0,3.0,3.0,142.5,1.0,0.0,0.0,0.0,1.0,0.0,19.0,0.0,0.0,6.0,6.0,6.0,14.0,0.0,0.0,6.0,6.0,6.0,13.666666666666666,0.0,13.9,-0.3,0.79,1
1.0,1.0,5.0,9070.0,1.0,1.0,122.0,1.0,37.0,37.0,9.0,9.0,124.8,1.0,0.0,0.0,0.0,1.0,0.0,19.0,0.0,0.0,6.0,0.0,0.0,0.0,0.0,0.0,6.0,0.0,0.0,0.0,0.0,10.8,1.4,1.74,0
1.0,17.0,2.0,9773.0,1.0,1.0,122.0,1.0,38.0,37.0,5.0,3.0,119.6,1.0,0.0,0.0,1.0,0.0,0.0,20.0,0.0,0.0,6.0,8.0,6.0,13.428571428571429,0.0,0.0,6.0,10.0,5.0,12.4,0.0,9.4,-0.8,-3.12,1
2.0,39.0,1.0,8014.0,0.0,1.0,100.0,1.0,37.0,38.0,9.0,9.0,141.5,0.0,0.0,0.0,1.0,0.0,0.0,45.0,0.0,0.0,6.0,9.0,5.0,12.333333333333334,0.0,0.0,6.0,6.0,6.0,13.0,0.0,13.9,-0.3,0.79,1
2.0,39.0,1.0,9991.0,0.0,19.0,133.1,1.0,37.0,37.0,9.0,7.0,114.8,0.0,0.0,1.0,1.0,1.0,0.0,50.0,0.0,0.0,5.0,10.0,5.0,11.857142857142858,0.0,0.0,5.0,17.0,5.0,11.5,5.0,16.2,0.3,-0.92,1
1.0,1.0,1.0,9500.0,1.0,1.0,142.0,1.0,19.0,38.0,7.0,10.0,128.4,1.0,0.0,0.0,1.0,0.0,1.0,18.0,0.0,0.0,7.0,9.0,7.0,13.3,0.0,0.0,8.0,8.0,8.0,14.345,0.0,15.5,2.8,-4.06,1
1.0,18.0,4.0,9254.0,1.0,1.0,119.0,1.0,37.0,37.0,9.0,9.0,113.1,1.0,0.0,0.0,0.0,1.0,0.0,22.0,0.0,0.0,5.0,5.0,0.0,0.0,0.0,0.0,5.0,5.0,0.0,0.0,0.0,15.5,2.8,-4.06,0
1.0,1.0,3.0,9238.0,1.0,1.0,137.0,62.0,1.0,1.0,9.0,9.0,129.3,0.0,0.0,0.0,1.0,0.0,1.0,21.0,1.0,0.0,6.0,8.0,6.0,13.875,0.0,0.0,6.0,7.0,6.0,14.142857142857142,0.0,16.2,0.3,-0.92,1
1.0,1.0,1.0,9238.0,1.0,1.0,138.0,1.0,1.0,19.0,4.0,7.0,123.0,1.0,0.0,1.0,0.0,0.0,0.0,18.0,0.0,0.0,6.0,9.0,5.0,11.4,0.0,0.0,6.0,14.0,2.0,13.5,0.0,8.9,1.4,3.51,0
1.0,1.0,1.0,9670.0,1.0,1.0,139.0,1.0,38.0,19.0,5.0,7.0,130.6,1.0,0.0,0.0,1.0,0.0,0.0,18.0,0.0,0.0,6.0,6.0,6.0,12.333333333333334,0.0,0.0,6.0,7.0,5.0,14.2,0.0,13.9,-0.3,0.79,1
1.0,1.0,1.0,9500.0,1.0,1.0,136.0,1.0,19.0,38.0,9.0,9.0,119.3,1.0,0.0,0.0,1.0,0.0,1.0,18.0,0.0,0.0,8.0,8.0,7.0,13.214285714285714,0.0,0.0,8.0,8.0,7.0,13.214285714285714,0.0,12.7,3.7,-1.7,1
1.0,1.0,2.0,9853.0,1.0,1.0,133.0,1.0,19.0,37.0,4.0,9.0,130.2,1.0,0.0,0.0,1.0,0.0,0.0,19.0,0.0,0.0,6.0,6.0,0.0,0.0,0.0,0.0,6.0,0.0,0.0,0.0,0.0,12.7,3.7,-1.7,0
1.0,53.0,1.0,9254.0,1.0,42.0,110.0,1.0,1.0,1.0,4.0,7.0,111.8,1.0,0.0,0.0,1.0,0.0,1.0,21.0,0.0,0.0,6.0,7.0,6.0,10.571428571428571,0.0,0.0,6.0,8.0,5.0,11.0,0.0,8.9,1.4,3.51,1
1.0,1.0,1.0,9085.0,1.0,1.0,149.0,1.0,38.0,37.0,5.0,5.0,137.1,1.0,0.0,0.0,1.0,0.0,1.0,18.0,0.0,0.0,5.0,7.0,4.0,13.25,0.0,0.0,5.0,5.0,5.0,12.0,0.0,10.8,1.4,1.74,1
1.0,1.0,1.0,9773.0,1.0,1.0,127.0,1.0,19.0,37.0,9.0,3.0,120.7,1.0,0.0,0.0,1.0,0.0,0.0,20.0,0.0,0.0,6.0,6.0,5.0,13.2,0.0,0.0,6.0,7.0,0.0,0.0,0.0,15.5,2.8,-4.06,0
1.0,17.0,2.0,9500.0,1.0,1.0,135.0,1.0,19.0,1.0,5.0,4.0,127.3,1.0,0.0,0.0,1.0,0.0,0.0,18.0,0.0,0.0,7.0,8.0,7.0,13.30625,0.0,0.0,8.0,8.0,8.0,14.545,0.0,15.5,2.8,-4.06,1
1.0,1.0,1.0,9130.0,1.0,1.0,137.0,1.0,3.0,19.0,3.0,5.0,136.3,1.0,0.0,0.0,1.0,0.0,0.0,20.0,0.0,0.0,5.0,8.0,4.0,12.5,1.0,0.0,5.0,8.0,4.0,12.25,2.0,10.8,1.4,1.74,1
1.0,1.0,3.0,171.0,1.0,1.0,122.0,1.0,1.0,1.0,9.0,8.0,120.3,0.0,0.0,0.0,1.0,0.0,1.0,21.0,0.0,0.0,0.0,0.0,0.0,0.0,0.0,0.0,0.0,0.0,0.0,0.0,0.0,11.1,0.6,2.02,1
1.0,1.0,4.0,9500.0,1.0,1.0,142.0,1.0,19.0,19.0,1.0,1.0,125.5,1.0,0.0,0.0,1.0,0.0,0.0,18.0,0.0,0.0,8.0,12.0,7.0,12.857142857142858,0.0,0.0,8.0,12.0,7.0,12.857142857142858,0.0,12.7,3.7,-1.7,1
1.0,1.0,4.0,9670.0,1.0,1.0,125.0,1.0,1.0,38.0,4.0,7.0,114.9,1.0,0.0,0.0,1.0,0.0,1.0,19.0,0.0,0.0,6.0,8.0,6.0,13.375,0.0,0.0,6.0,7.0,6.0,12.285714285714286,0.0,11.1,0.6,2.02,1
1.0,1.0,1.0,9500.0,1.0,1.0,126.0,1.0,19.0,19.0,3.0,7.0,123.9,0.0,0.0,0.0,1.0,0.0,0.0,19.0,0.0,0.0,7.0,8.0,6.0,13.296666666666669,0.0,0.0,8.0,9.0,7.0,14.114285714285714,0.0,11.1,0.6,2.02,1
1.0,17.0,2.0,9238.0,1.0,1.0,115.0,1.0,19.0,38.0,7.0,8.0,116.4,1.0,0.0,0.0,1.0,0.0,0.0,21.0,0.0,0.0,6.0,9.0,6.0,11.375,0.0,0.0,6.0,9.0,6.0,13.285714285714286,0.0,16.2,0.3,-0.92,1
1.0,1.0,1.0,9147.0,1.0,1.0,135.0,1.0,19.0,1.0,9.0,9.0,122.1,1.0,0.0,0.0,1.0,0.0,0.0,20.0,0.0,0.0,5.0,6.0,5.0,12.0,0.0,0.0,5.0,6.0,5.0,12.333333333333334,0.0,16.2,0.3,-0.92,1
1.0,51.0,1.0,9070.0,1.0,1.0,125.0,1.0,42.0,3.0,125.0,124.0,130.0,1.0,0.0,0.0,1.0,1.0,0.0,20.0,0.0,2.0,6.0,7.0,6.0,12.833333333333334,0.0,0.0,6.0,9.0,4.0,13.4,0.0,8.9,1.4,3.51,1
1.0,18.0,1.0,8014.0,0.0,1.0,138.0,1.0,19.0,1.0,9.0,5.0,134.5,1.0,0.0,0.0,1.0,0.0,0.0,19.0,0.0,0.0,6.0,6.0,6.0,12.666666666666666,0.0,0.0,6.0,8.0,6.0,14.375,0.0,12.4,0.5,1.79,1
1.0,1.0,1.0,9991.0,0.0,1.0,130.0,1.0,2.0,37.0,3.0,9.0,131.4,0.0,0.0,0.0,1.0,1.0,0.0,34.0,0.0,0.0,5.0,6.0,5.0,12.4,0.0,0.0,5.0,9.0,5.0,13.428571428571429,0.0,13.9,-0.3,0.79,1
1.0,39.0,1.0,33.0,1.0,1.0,130.0,1.0,38.0,37.0,9.0,6.0,102.5,0.0,0.0,1.0,0.0,1.0,0.0,37.0,0.0,0.0,7.0,7.0,0.0,0.0,0.0,0.0,7.0,7.0,1.0,10.0,0.0,8.9,1.4,3.51,0
1.0,39.0,1.0,9119.0,1.0,10.0,133.1,1.0,34.0,37.0,0.0,0.0,128.8,1.0,0.0,0.0,1.0,1.0,0.0,43.0,0.0,0.0,5.0,0.0,0.0,0.0,0.0,0.0,5.0,0.0,0.0,0.0,0.0,7.6,2.6,0.32,0
1.0,43.0,1.0,9147.0,1.0,1.0,140.0,1.0,37.0,37.0,6.0,6.0,122.9,0.0,0.0,0.0,1.0,0.0,0.0,55.0,0.0,0.0,5.0,10.0,1.0,10.0,0.0,0.0,5.0,8.0,2.0,12.0,2.0,16.2,0.3,-0.92,0
4.0,39.0,1.0,9991.0,0.0,1.0,120.0,1.0,19.0,19.0,9.0,3.0,113.9,1.0,0.0,0.0,1.0,0.0,0.0,39.0,0.0,0.0,5.0,8.0,5.0,11.0,0.0,0.0,5.0,5.0,5.0,11.6,0.0,7.6,2.6,0.32,1
1.0,44.0,1.0,9130.0,1.0,39.0,120.0,6.0,4.0,4.0,3.0,6.0,120.0,0.0,0.0,1.0,0.0,0.0,0.0,20.0,1.0,2.0,6.0,13.0,3.0,11.666666666666666,0.0,1.0,6.0,11.0,3.0,12.0,0.0,12.4,0.5,1.79,0
1.0,1.0,5.0,9773.0,1.0,1.0,126.0,1.0,3.0,3.0,2.0,2.0,121.1,0.0,0.0,1.0,1.0,0.0,0.0,18.0,0.0,0.0,6.0,6.0,4.0,12.75,0.0,0.0,5.0,5.0,0.0,0.0,0.0,12.7,3.7,-1.7,0
1.0,1.0,2.0,9147.0,1.0,1.0,133.0,1.0,3.0,19.0,2.0,7.0,120.4,1.0,0.0,0.0,1.0,0.0,0.0,22.0,0.0,0.0,5.0,5.0,5.0,14.8,0.0,0.0,5.0,5.0,5.0,15.8,0.0,8.9,1.4,3.51,1
1.0,1.0,6.0,9500.0,1.0,1.0,103.0,1.0,1.0,3.0,2.0,2.0,100.6,1.0,1.0,0.0,1.0,0.0,0.0,22.0,0.0,0.0,7.0,9.0,5.0,13.928,0.0,0.0,8.0,9.0,7.0,14.342857142857142,0.0,11.1,0.6,2.02,1
1.0,17.0,1.0,9773.0,1.0,1.0,120.0,1.0,1.0,38.0,5.0,5.0,121.4,0.0,0.0,0.0,0.0,0.0,0.0,20.0,0.0,0.0,6.0,7.0,4.0,13.0,0.0,0.0,6.0,7.0,5.0,13.8,0.0,12.4,0.5,1.79,0
1.0,39.0,1.0,9991.0,0.0,1.0,133.1,1.0,37.0,37.0,9.0,9.0,109.7,0.0,0.0,0.0,1.0,0.0,0.0,29.0,0.0,0.0,5.0,0.0,0.0,0.0,0.0,0.0,5.0,0.0,0.0,0.0,0.0,16.2,0.3,-0.92,0
1.0,17.0,2.0,9238.0,1.0,1.0,130.0,1.0,19.0,19.0,9.0,9.0,127.6,1.0,0.0,0.0,1.0,0.0,0.0,18.0,0.0,0.0,6.0,6.0,6.0,11.666666666666666,0.0,0.0,6.0,8.0,5.0,13.2,0.0,11.1,0.6,2.02,1
1.0,17.0,6.0,9500.0,1.0,1.0,132.0,1.0,37.0,19.0,7.0,7.0,132.4,1.0,0.0,0.0,1.0,0.0,1.0,22.0,0.0,0.0,7.0,8.0,6.0,13.516666666666666,0.0,0.0,8.0,9.0,7.0,13.771428571428572,0.0,11.1,0.6,2.02,1
1.0,44.0,1.0,8014.0,0.0,39.0,130.0,1.0,1.0,19.0,9.0,9.0,133.4,0.0,0.0,0.0,1.0,0.0,1.0,21.0,0.0,3.0,6.0,6.0,6.0,11.5,0.0,2.0,6.0,7.0,6.0,13.285714285714286,0.0,12.4,0.5,1.79,1
1.0,1.0,1.0,9238.0,1.0,1.0,139.0,1.0,37.0,38.0,9.0,9.0,126.1,0.0,0.0,0.0,1.0,0.0,1.0,19.0,0.0,0.0,6.0,7.0,5.0,12.333333333333334,0.0,0.0,6.0,7.0,6.0,12.833333333333334,0.0,12.7,3.7,-1.7,1
1.0,39.0,1.0,9254.0,1.0,1.0,130.0,1.0,19.0,38.0,9.0,7.0,113.5,0.0,0.0,0.0,1.0,0.0,1.0,24.0,0.0,0.0,6.0,6.0,6.0,13.666666666666666,0.0,0.0,6.0,6.0,6.0,14.166666666666666,0.0,12.4,0.5,1.79,1
1.0,1.0,3.0,9130.0,1.0,1.0,167.0,1.0,37.0,37.0,90.0,90.0,159.3,0.0,0.0,0.0,1.0,0.0,0.0,19.0,0.0,0.0,5.0,7.0,5.0,14.714285714285714,0.0,0.0,5.0,5.0,5.0,15.8,0.0,7.6,2.6,0.32,1
1.0,39.0,1.0,9991.0,0.0,1.0,130.0,1.0,38.0,38.0,9.0,9.0,120.0,0.0,0.0,0.0,1.0,0.0,0.0,27.0,0.0,0.0,5.0,12.0,5.0,10.6,0.0,0.0,5.0,10.0,5.0,11.0,0.0,9.4,-0.8,-3.12,0
1.0,1.0,1.0,9500.0,1.0,1.0,130.0,1.0,1.0,19.0,5.0,5.0,129.1,1.0,0.0,0.0,1.0,0.0,0.0,18.0,0.0,0.0,7.0,9.0,7.0,13.044444444444444,0.0,0.0,8.0,10.0,8.0,13.595,0.0,15.5,2.8,-4.06,1
2.0,7.0,1.0,9254.0,1.0,3.0,130.0,1.0,1.0,3.0,4.0,3.0,130.0,0.0,0.0,0.0,1.0,0.0,0.0,39.0,0.0,0.0,6.0,10.0,0.0,0.0,0.0,0.0,6.0,6.0,0.0,0.0,0.0,12.4,0.5,1.79,0
1.0,39.0,1.0,9130.0,1.0,40.0,129.0,1.0,3.0,3.0,2.0,2.0,155.3,1.0,0.0,0.0,1.0,0.0,0.0,27.0,0.0,0.0,6.0,9.0,5.0,13.0,0.0,5.0,11.0,13.0,10.0,12.9,0.0,12.4,0.5,1.79,0
1.0,17.0,1.0,9500.0,1.0,1.0,141.0,1.0,38.0,38.0,7.0,10.0,139.8,1.0,0.0,0.0,1.0,0.0,0.0,18.0,0.0,0.0,8.0,8.0,8.0,14.935,0.0,0.0,8.0,8.0,8.0,14.935,0.0,9.4,-0.8,-3.12,1
1.0,1.0,2.0,9500.0,1.0,1.0,125.0,1.0,19.0,19.0,9.0,9.0,114.9,0.0,0.0,0.0,1.0,0.0,0.0,18.0,0.0,0.0,7.0,8.0,6.0,13.133333333333333,0.0,0.0,8.0,12.0,7.0,12.221428571428572,0.0,16.2,0.3,-0.92,1
1.0,44.0,1.0,9238.0,1.0,39.0,130.0,1.0,19.0,1.0,9.0,9.0,131.9,0.0,0.0,0.0,1.0,0.0,1.0,21.0,0.0,3.0,6.0,7.0,6.0,12.0,0.0,2.0,6.0,7.0,6.0,12.0,0.0,13.9,-0.3,0.79,1
4.0,42.0,1.0,9500.0,1.0,19.0,133.1,1.0,1.0,1.0,5.0,5.0,126.0,1.0,0.0,0.0,1.0,1.0,0.0,29.0,0.0,2.0,7.0,10.0,5.0,11.9,0.0,1.0,8.0,10.0,5.0,11.0,0.0,13.9,-0.3,0.79,0
1.0,1.0,3.0,171.0,1.0,1.0,139.0,1.0,19.0,19.0,5.0,3.0,128.2,1.0,0.0,0.0,1.0,1.0,1.0,19.0,0.0,0.0,0.0,0.0,0.0,0.0,0.0,0.0,0.0,0.0,0.0,0.0,0.0,10.8,1.4,1.74,1
1.0,44.0,1.0,9003.0,1.0,39.0,130.0,1.0,19.0,37.0,9.0,9.0,130.0,1.0,0.0,0.0,1.0,1.0,0.0,23.0,0.0,0.0,6.0,8.0,6.0,12.571428571428571,0.0,0.0,6.0,7.0,6.0,12.428571428571429,0.0,8.9,1.4,3.51,1
1.0,1.0,3.0,9147.0,1.0,1.0,125.0,1.0,1.0,38.0,7.0,7.0,120.1,0.0,0.0,1.0,1.0,1.0,0.0,19.0,0.0,0.0,5.0,8.0,5.0,11.2,0.0,0.0,5.0,10.0,4.0,10.75,3.0,16.2,0.3,-0.92,0
1.0,17.0,1.0,9500.0,1.0,1.0,150.0,1.0,37.0,19.0,8.0,4.0,130.8,0.0,0.0,0.0,1.0,1.0,0.0,24.0,0.0,0.0,7.0,8.0,7.0,11.975,0.0,0.0,8.0,8.0,8.0,13.75,0.0,13.9,-0.3,0.79,1
1.0,1.0,1.0,171.0,1.0,1.0,141.0,1.0,19.0,19.0,5.0,10.0,135.8,1.0,0.0,0.0,1.0,1.0,0.0,19.0,0.0,0.0,0.0,0.0,0.0,0.0,0.0,0.0,0.0,0.0,0.0,0.0,0.0,15.5,2.8,-4.06,0
1.0,17.0,4.0,9254.0,1.0,1.0,118.0,1.0,38.0,37.0,5.0,7.0,111.7,1.0,0.0,0.0,1.0,1.0,0.0,18.0,0.0,0.0,6.0,12.0,3.0,11.666666666666666,0.0,0.0,6.0,12.0,1.0,12.0,0.0,12.4,0.5,1.79,0
1.0,1.0,2.0,9773.0,1.0,1.0,142.0,1.0,38.0,38.0,9.0,9.0,132.9,1.0,0.0,0.0,1.0,1.0,0.0,18.0,0.0,0.0,6.0,8.0,6.0,12.333333333333334,0.0,0.0,6.0,11.0,3.0,12.333333333333334,0.0,10.8,1.4,1.74,1
1.0,17.0,3.0,9147.0,1.0,1.0,120.0,1.0,19.0,19.0,4.0,7.0,115.5,1.0,0.0,1.0,1.0,1.0,0.0,18.0,0.0,0.0,5.0,8.0,3.0,10.333333333333334,0.0,0.0,5.0,11.0,3.0,10.857142857142858,0.0,10.8,1.4,1.74,0
1.0,18.0,4.0,9254.0,1.0,1.0,106.0,1.0,19.0,37.0,7.0,7.0,106.0,1.0,0.0,0.0,1.0,1.0,1.0,21.0,0.0,0.0,6.0,8.0,4.0,10.5,0.0,0.0,6.0,11.0,1.0,11.0,0.0,9.4,-0.8,-3.12,0
1.0,17.0,4.0,9773.0,1.0,1.0,121.0,1.0,1.0,19.0,9.0,8.0,120.3,1.0,0.0,1.0,1.0,1.0,1.0,19.0,0.0,0.0,6.0,6.0,6.0,13.666666666666666,0.0,0.0,6.0,6.0,6.0,13.333333333333334,0.0,8.9,1.4,3.51,1
1.0,17.0,4.0,9500.0,1.0,1.0,150.0,1.0,38.0,37.0,9.0,9.0,130.8,0.0,0.0,0.0,1.0,1.0,1.0,22.0,0.0,0.0,7.0,7.0,7.0,14.842857142857142,0.0,0.0,8.0,9.0,8.0,15.055555555555555,0.0,16.2,0.3,-0.92,1
2.0,39.0,1.0,8014.0,0.0,1.0,120.0,1.0,37.0,37.0,9.0,6.0,117.0,0.0,0.0,0.0,1.0,1.0,0.0,33.0,0.0,0.0,6.0,8.0,6.0,12.0,0.0,0.0,6.0,6.0,6.0,11.666666666666666,0.0,10.8,1.4,1.74,1
1.0,1.0,6.0,9853.0,1.0,1.0,114.0,1.0,19.0,19.0,9.0,9.0,110.2,1.0,0.0,0.0,1.0,1.0,0.0,20.0,0.0,0.0,6.0,8.0,5.0,12.2,0.0,0.0,6.0,7.0,5.0,12.2,0.0,10.8,1.4,1.74,0
1.0,39.0,1.0,9991.0,0.0,2.0,140.0,1.0,3.0,3.0,2.0,2.0,155.7,1.0,0.0,0.0,1.0,1.0,0.0,35.0,0.0,0.0,1.0,1.0,0.0,0.0,1.0,0.0,5.0,0.0,0.0,0.0,0.0,10.8,1.4,1.74,0
1.0,39.0,1.0,9003.0,1.0,4.0,160.0,1.0,3.0,3.0,4.0,2.0,180.4,0.0,0.0,1.0,1.0,1.0,0.0,24.0,0.0,6.0,12.0,17.0,6.0,12.166666666666666,0.0,7.0,12.0,14.0,10.0,13.3,0.0,12.4,0.5,1.79,0
2.0,39.0,1.0,8014.0,0.0,1.0,130.0,1.0,37.0,37.0,9.0,6.0,110.0,1.0,0.0,0.0,1.0,0.0,0.0,33.0,0.0,0.0,6.0,7.0,6.0,11.0,0.0,0.0,6.0,11.0,5.0,11.0,0.0,9.4,-0.8,-3.12,1
1.0,42.0,1.0,9500.0,1.0,1.0,160.0,1.0,37.0,38.0,9.0,7.0,161.0,1.0,0.0,0.0,1.0,0.0,1.0,22.0,0.0,0.0,8.0,8.0,7.0,13.08,0.0,0.0,8.0,8.0,7.0,13.08,0.0,10.8,1.4,1.74,1
1.0,39.0,1.0,9670.0,1.0,1.0,120.0,1.0,1.0,19.0,4.0,5.0,100.0,0.0,0.0,0.0,1.0,0.0,1.0,25.0,0.0,0.0,5.0,7.0,4.0,10.5,0.0,0.0,5.0,7.0,5.0,11.6,0.0,9.4,-0.8,-3.12,1
1.0,17.0,1.0,9070.0,1.0,1.0,124.0,1.0,19.0,38.0,4.0,0.0,117.6,1.0,0.0,0.0,1.0,1.0,0.0,20.0,0.0,0.0,6.0,9.0,6.0,10.666666666666666,1.0,0.0,6.0,6.0,5.0,11.2,0.0,7.6,2.6,0.32,1
1.0,39.0,1.0,9500.0,1.0,1.0,133.1,1.0,1.0,1.0,4.0,10.0,100.8,0.0,0.0,0.0,1.0,1.0,0.0,24.0,0.0,0.0,7.0,18.0,0.0,0.0,0.0,0.0,7.0,7.0,0.0,0.0,0.0,13.9,-0.3,0.79,0
1.0,17.0,2.0,9773.0,1.0,1.0,133.1,41.0,19.0,1.0,9.0,9.0,105.0,1.0,0.0,0.0,0.0,0.0,0.0,21.0,1.0,0.0,6.0,6.0,6.0,14.0,0.0,0.0,6.0,6.0,6.0,13.5,0.0,8.9,1.4,3.51,1
1.0,15.0,1.0,9130.0,1.0,1.0,133.1,41.0,1.0,1.0,4.0,4.0,100.0,0.0,0.0,0.0,1.0,0.0,0.0,26.0,1.0,0.0,6.0,7.0,2.0,12.0,1.0,0.0,6.0,6.0,0.0,0.0,0.0,8.9,1.4,3.51,0
2.0,39.0,1.0,9853.0,1.0,10.0,133.1,1.0,37.0,34.0,0.0,0.0,115.5,0.0,0.0,0.0,1.0,0.0,0.0,39.0,0.0,0.0,6.0,12.0,3.0,12.666666666666666,0.0,0.0,6.0,14.0,0.0,0.0,1.0,7.6,2.6,0.32,0
2.0,39.0,1.0,8014.0,0.0,1.0,133.1,1.0,37.0,19.0,9.0,9.0,114.0,0.0,0.0,0.0,1.0,0.0,0.0,44.0,0.0,2.0,8.0,11.0,8.0,11.875,0.0,0.0,6.0,7.0,6.0,12.333333333333334,0.0,12.7,3.7,-1.7,1
1.0,1.0,5.0,9773.0,1.0,1.0,135.0,1.0,37.0,1.0,5.0,5.0,124.9,1.0,0.0,0.0,1.0,0.0,0.0,18.0,0.0,0.0,6.0,6.0,6.0,13.666666666666666,0.0,0.0,6.0,6.0,6.0,13.333333333333334,0.0,8.9,1.4,3.51,1
1.0,1.0,5.0,9500.0,1.0,1.0,132.0,1.0,37.0,37.0,7.0,7.0,120.3,1.0,0.0,0.0,1.0,0.0,1.0,18.0,0.0,0.0,7.0,7.0,7.0,13.75,0.0,0.0,8.0,9.0,8.0,14.47777777777778,0.0,12.4,0.5,1.79,1
1.0,1.0,4.0,9500.0,1.0,1.0,115.0,1.0,3.0,3.0,2.0,2.0,111.5,1.0,0.0,1.0,0.0,0.0,0.0,19.0,0.0,0.0,7.0,10.0,4.0,11.96,0.0,0.0,7.0,7.0,0.0,0.0,0.0,13.9,-0.3,0.79,0
1.0,53.0,1.0,9085.0,1.0,42.0,130.0,1.0,38.0,38.0,9.0,9.0,128.8,0.0,0.0,0.0,1.0,0.0,0.0,21.0,0.0,7.0,10.0,12.0,8.0,12.875,0.0,4.0,9.0,14.0,5.0,13.4,0.0,8.9,1.4,3.51,0
1.0,1.0,4.0,171.0,1.0,1.0,133.1,1.0,1.0,1.0,9.0,10.0,110.0,1.0,0.0,0.0,1.0,0.0,0.0,20.0,0.0,0.0,0.0,0.0,0.0,0.0,0.0,0.0,0.0,0.0,0.0,0.0,0.0,16.2,0.3,-0.92,1
2.0,39.0,1.0,8014.0,0.0,1.0,130.0,1.0,37.0,37.0,6.0,5.0,113.5,1.0,0.0,0.0,1.0,0.0,0.0,36.0,0.0,0.0,6.0,0.0,0.0,0.0,0.0,0.0,6.0,0.0,0.0,0.0,0.0,9.4,-0.8,-3.12,0
4.0,39.0,1.0,9003.0,1.0,12.0,133.1,1.0,37.0,37.0,9.0,6.0,160.0,0.0,0.0,0.0,1.0,0.0,0.0,43.0,0.0,13.0,18.0,19.0,18.0,14.63157894736842,0.0,10.0,13.0,14.0,13.0,14.23076923076923,1.0,15.5,2.8,-4.06,1
1.0,18.0,1.0,9853.0,1.0,1.0,123.0,1.0,19.0,19.0,9.0,7.0,117.4,1.0,0.0,0.0,1.0,0.0,0.0,19.0,0.0,0.0,6.0,0.0,0.0,0.0,0.0,0.0,6.0,0.0,0.0,0.0,0.0,11.1,0.6,2.02,0
1.0,51.0,1.0,9070.0,1.0,1.0,130.0,1.0,3.0,1.0,2.0,8.0,122.2,0.0,0.0,1.0,1.0,0.0,0.0,20.0,0.0,4.0,10.0,12.0,10.0,13.0,0.0,5.0,11.0,11.0,11.0,12.272727272727272,0.0,11.1,0.6,2.02,1
1.0,1.0,2.0,9238.0,1.0,1.0,122.0,1.0,37.0,38.0,4.0,7.0,118.2,1.0,0.0,0.0,1.0,0.0,0.0,19.0,0.0,0.0,6.0,0.0,0.0,0.0,0.0,0.0,6.0,0.0,0.0,0.0,0.0,16.2,0.3,-0.92,0
1.0,1.0,1.0,9085.0,1.0,1.0,113.0,1.0,1.0,1.0,4.0,4.0,106.7,1.0,0.0,0.0,1.0,0.0,0.0,20.0,0.0,0.0,6.0,15.0,4.0,14.2,0.0,0.0,6.0,17.0,4.0,13.25,0.0,15.5,2.8,-4.06,0
1.0,1.0,5.0,9500.0,1.0,1.0,111.0,1.0,3.0,4.0,4.0,3.0,108.2,1.0,0.0,0.0,1.0,0.0,0.0,20.0,0.0,2.0,7.0,9.0,6.0,13.266666666666666,0.0,0.0,7.0,10.0,5.0,12.3,0.0,12.4,0.5,1.79,0
1.0,1.0,1.0,9238.0,1.0,1.0,142.0,1.0,37.0,37.0,6.0,7.0,136.1,1.0,0.0,0.0,1.0,0.0,0.0,18.0,0.0,0.0,6.0,8.0,6.0,13.857142857142858,0.0,0.0,6.0,6.0,6.0,15.0,0.0,13.9,-0.3,0.79,1
1.0,1.0,1.0,9085.0,1.0,1.0,131.0,1.0,19.0,19.0,9.0,9.0,139.8,1.0,0.0,0.0,1.0,0.0,0.0,19.0,0.0,0.0,5.0,6.0,5.0,13.4,0.0,0.0,5.0,5.0,5.0,12.8,0.0,10.8,1.4,1.74,1
1.0,1.0,3.0,9773.0,1.0,1.0,158.0,1.0,1.0,38.0,4.0,7.0,157.0,1.0,0.0,0.0,1.0,0.0,0.0,18.0,0.0,0.0,6.0,6.0,6.0,12.666666666666666,0.0,0.0,6.0,7.0,6.0,12.571428571428571,0.0,10.8,1.4,1.74,1
1.0,17.0,2.0,9500.0,1.0,1.0,122.0,1.0,37.0,37.0,9.0,9.0,131.0,1.0,0.0,0.0,1.0,0.0,0.0,18.0,0.0,0.0,7.0,7.0,6.0,12.516666666666666,1.0,0.0,7.0,7.0,6.0,12.516666666666666,1.0,7.6,2.6,0.32,0
1.0,1.0,2.0,9085.0,1.0,1.0,140.0,1.0,37.0,38.0,9.0,7.0,137.0,0.0,0.0,0.0,1.0,0.0,0.0,18.0,0.0,0.0,5.0,12.0,5.0,13.142857142857142,2.0,0.0,5.0,6.0,5.0,11.4,0.0,9.4,-0.8,-3.12,1
1.0,1.0,1.0,9147.0,1.0,1.0,127.0,1.0,2.0,19.0,4.0,5.0,121.8,0.0,0.0,0.0,1.0,0.0,0.0,18.0,0.0,0.0,5.0,5.0,5.0,12.6,0.0,0.0,5.0,5.0,5.0,14.0,0.0,11.1,0.6,2.02,1
1.0,17.0,1.0,9254.0,1.0,1.0,133.1,1.0,1.0,1.0,4.0,5.0,131.0,1.0,0.0,0.0,1.0,0.0,0.0,21.0,0.0,0.0,6.0,12.0,3.0,11.0,0.0,0.0,6.0,12.0,2.0,11.0,0.0,9.4,-0.8,-3.12,0
1.0,1.0,2.0,9147.0,1.0,1.0,120.0,1.0,19.0,19.0,9.0,7.0,118.6,1.0,0.0,0.0,1.0,0.0,0.0,19.0,0.0,0.0,5.0,8.0,5.0,10.8,0.0,0.0,5.0,9.0,4.0,11.25,2.0,16.2,0.3,-0.92,1
1.0,1.0,1.0,171.0,1.0,1.0,137.0,1.0,3.0,19.0,2.0,9.0,122.3,0.0,0.0,0.0,1.0,0.0,0.0,19.0,0.0,0.0,0.0,0.0,0.0,0.0,0.0,0.0,0.0,0.0,0.0,0.0,0.0,10.8,1.4,1.74,0
1.0,1.0,1.0,9670.0,1.0,1.0,131.0,1.0,38.0,38.0,9.0,9.0,127.9,0.0,0.0,0.0,1.0,0.0,1.0,19.0,0.0,0.0,5.0,5.0,5.0,12.8,0.0,0.0,5.0,5.0,5.0,14.2,0.0,9.4,-0.8,-3.12,1
1.0,1.0,1.0,9085.0,1.0,1.0,130.0,1.0,19.0,38.0,4.0,7.0,121.3,1.0,0.0,0.0,1.0,0.0,0.0,19.0,0.0,0.0,6.0,15.0,6.0,14.166666666666666,0.0,0.0,6.0,13.0,6.0,12.2,0.0,15.5,2.8,-4.06,1
1.0,17.0,6.0,9556.0,1.0,1.0,122.0,1.0,1.0,1.0,4.0,5.0,117.1,1.0,0.0,0.0,1.0,0.0,0.0,19.0,0.0,0.0,7.0,12.0,5.0,12.1,0.0,0.0,7.0,0.0,0.0,0.0,0.0,13.9,-0.3,0.79,0
1.0,44.0,1.0,9085.0,1.0,39.0,160.0,1.0,37.0,37.0,9.0,9.0,160.0,1.0,0.0,0.0,1.0,0.0,0.0,20.0,0.0,1.0,6.0,7.0,6.0,14.166666666666666,0.0,1.0,6.0,17.0,5.0,13.77777777777778,0.0,12.4,0.5,1.79,1
1.0,17.0,3.0,9238.0,1.0,1.0,131.0,1.0,1.0,39.0,5.0,3.0,122.6,1.0,0.0,0.0,1.0,0.0,0.0,18.0,0.0,0.0,6.0,7.0,6.0,13.0,0.0,0.0,6.0,6.0,6.0,13.666666666666666,0.0,12.4,0.5,1.79,1
1.0,17.0,6.0,9500.0,1.0,1.0,132.0,1.0,1.0,37.0,8.0,9.0,128.0,1.0,0.0,0.0,1.0,0.0,0.0,19.0,0.0,0.0,7.0,7.0,7.0,13.467142857142855,0.0,0.0,8.0,9.0,8.0,15.011111111111113,0.0,12.4,0.5,1.79,1
1.0,1.0,3.0,9500.0,1.0,1.0,138.0,1.0,19.0,19.0,5.0,8.0,124.9,1.0,0.0,0.0,1.0,0.0,1.0,18.0,0.0,0.0,7.0,9.0,7.0,13.2375,0.0,0.0,8.0,9.0,7.0,13.742857142857144,0.0,13.9,-0.3,0.79,0
1.0,17.0,2.0,9070.0,1.0,1.0,130.0,1.0,37.0,37.0,9.0,9.0,123.7,1.0,0.0,0.0,1.0,0.0,0.0,18.0,0.0,0.0,6.0,6.0,6.0,12.333333333333334,0.0,0.0,6.0,6.0,6.0,13.0,0.0,7.6,2.6,0.32,1
1.0,1.0,4.0,9147.0,1.0,1.0,126.0,1.0,1.0,19.0,4.0,8.0,120.1,1.0,0.0,0.0,1.0,0.0,0.0,19.0,0.0,0.0,5.0,7.0,5.0,12.4,0.0,0.0,5.0,5.0,5.0,14.6,0.0,8.9,1.4,3.51,1
1.0,17.0,6.0,9500.0,1.0,1.0,148.0,1.0,1.0,19.0,3.0,3.0,131.7,1.0,0.0,0.0,1.0,0.0,0.0,19.0,0.0,0.0,7.0,8.0,5.0,14.0,0.0,0.0,7.0,7.0,0.0,0.0,0.0,13.9,-0.3,0.79,0
1.0,43.0,1.0,9238.0,1.0,1.0,130.0,1.0,38.0,37.0,9.0,7.0,133.2,0.0,0.0,0.0,1.0,0.0,0.0,20.0,0.0,5.0,9.0,15.0,9.0,11.666666666666666,0.0,2.0,7.0,8.0,7.0,11.714285714285714,0.0,7.6,2.6,0.32,1
1.0,1.0,1.0,9670.0,1.0,1.0,117.0,1.0,1.0,38.0,3.0,9.0,109.3,0.0,0.0,1.0,0.0,0.0,1.0,19.0,0.0,0.0,6.0,7.0,5.0,12.0,0.0,0.0,6.0,9.0,4.0,12.5,0.0,12.4,0.5,1.79,0
1.0,17.0,1.0,9670.0,1.0,1.0,120.0,1.0,19.0,19.0,5.0,5.0,113.0,1.0,0.0,0.0,1.0,0.0,0.0,20.0,0.0,0.0,5.0,7.0,4.0,12.2,0.0,0.0,5.0,5.0,4.0,11.5,0.0,7.6,2.6,0.32,1
1.0,1.0,1.0,9773.0,1.0,1.0,153.0,1.0,1.0,1.0,141.0,175.0,157.9,0.0,0.0,1.0,1.0,0.0,1.0,18.0,0.0,0.0,6.0,6.0,6.0,14.833333333333334,0.0,0.0,6.0,6.0,6.0,14.833333333333334,0.0,8.9,1.4,3.51,1
1.0,18.0,1.0,9500.0,1.0,1.0,178.0,1.0,19.0,1.0,4.0,8.0,174.7,0.0,0.0,0.0,1.0,0.0,0.0,18.0,0.0,0.0,7.0,8.0,7.0,17.125,0.0,0.0,8.0,8.0,8.0,17.5875,0.0,13.9,-0.3,0.79,1
1.0,1.0,5.0,9500.0,1.0,1.0,129.0,1.0,37.0,37.0,9.0,9.0,128.8,1.0,0.0,0.0,1.0,0.0,0.0,19.0,0.0,0.0,7.0,7.0,6.0,12.666666666666666,0.0,0.0,7.0,7.0,6.0,12.666666666666666,0.0,7.6,2.6,0.32,1
1.0,1.0,6.0,9773.0,1.0,1.0,116.0,1.0,19.0,1.0,4.0,4.0,110.1,1.0,0.0,0.0,1.0,0.0,1.0,19.0,0.0,0.0,6.0,8.0,6.0,12.666666666666666,0.0,0.0,6.0,10.0,5.0,12.0,0.0,12.4,0.5,1.79,1
1.0,1.0,3.0,9238.0,1.0,1.0,135.0,1.0,1.0,12.0,9.0,10.0,121.0,1.0,0.0,0.0,1.0,0.0,1.0,19.0,0.0,0.0,6.0,7.0,6.0,11.333333333333334,0.0,0.0,6.0,6.0,6.0,11.5,0.0,12.4,0.5,1.79,1
1.0,1.0,3.0,9500.0,1.0,1.0,141.0,1.0,19.0,19.0,9.0,7.0,131.7,1.0,0.0,0.0,1.0,0.0,1.0,19.0,0.0,0.0,7.0,10.0,7.0,13.605,0.0,0.0,8.0,11.0,8.0,12.33125,0.0,15.5,2.8,-4.06,1
1.0,17.0,5.0,9853.0,1.0,1.0,132.0,1.0,37.0,38.0,5.0,6.0,119.1,1.0,0.0,0.0,1.0,0.0,1.0,19.0,0.0,0.0,6.0,10.0,5.0,12.0,0.0,0.0,6.0,9.0,5.0,10.8,0.0,9.4,-0.8,-3.12,1
1.0,1.0,4.0,9254.0,1.0,1.0,132.0,1.0,12.0,19.0,9.0,9.0,124.7,1.0,0.0,0.0,1.0,0.0,0.0,19.0,0.0,0.0,5.0,10.0,0.0,0.0,0.0,0.0,5.0,10.0,0.0,0.0,0.0,7.6,2.6,0.32,0
1.0,17.0,1.0,9254.0,1.0,1.0,113.0,1.0,1.0,37.0,9.0,10.0,117.2,1.0,0.0,0.0,1.0,0.0,0.0,20.0,0.0,0.0,6.0,8.0,5.0,11.2,0.0,0.0,6.0,12.0,3.0,11.666666666666666,0.0,7.6,2.6,0.32,0
1.0,1.0,1.0,9147.0,1.0,1.0,134.0,1.0,3.0,19.0,2.0,10.0,128.8,0.0,0.0,0.0,1.0,0.0,0.0,18.0,0.0,0.0,5.0,10.0,5.0,13.375,0.0,0.0,5.0,9.0,5.0,14.166666666666666,0.0,13.9,-0.3,0.79,1
1.0,1.0,1.0,9500.0,1.0,1.0,136.0,1.0,1.0,19.0,9.0,9.0,131.5,0.0,0.0,0.0,1.0,0.0,1.0,20.0,0.0,0.0,7.0,8.0,6.0,13.863333333333337,0.0,0.0,8.0,9.0,7.0,14.178571428571429,0.0,11.1,0.6,2.02,1
1.0,1.0,1.0,9085.0,1.0,1.0,129.0,1.0,1.0,38.0,4.0,7.0,123.4,0.0,0.0,0.0,1.0,0.0,0.0,19.0,0.0,0.0,5.0,6.0,5.0,12.4,0.0,0.0,5.0,6.0,5.0,13.4,0.0,7.6,2.6,0.32,1
1.0,1.0,1.0,9853.0,1.0,1.0,137.0,1.0,37.0,37.0,9.0,9.0,132.8,1.0,0.0,0.0,1.0,0.0,0.0,18.0,0.0,0.0,6.0,7.0,6.0,13.333333333333334,0.0,0.0,6.0,8.0,5.0,11.8,0.0,7.6,2.6,0.32,1
1.0,43.0,1.0,9853.0,1.0,1.0,115.0,1.0,3.0,37.0,2.0,5.0,108.7,1.0,0.0,0.0,1.0,0.0,0.0,21.0,0.0,0.0,6.0,10.0,3.0,12.666666666666666,0.0,0.0,6.0,12.0,3.0,10.0,0.0,9.4,-0.8,-3.12,0
1.0,1.0,1.0,9853.0,1.0,1.0,129.0,1.0,38.0,37.0,6.0,6.0,138.1,0.0,0.0,0.0,1.0,0.0,0.0,19.0,0.0,0.0,6.0,8.0,6.0,12.0,0.0,0.0,6.0,10.0,4.0,11.5,0.0,7.6,2.6,0.32,0
1.0,1.0,1.0,9147.0,1.0,1.0,131.0,1.0,38.0,38.0,9.0,9.0,126.5,0.0,0.0,0.0,1.0,0.0,1.0,18.0,0.0,0.0,5.0,5.0,5.0,10.6,0.0,0.0,5.0,5.0,5.0,11.8,0.0,12.4,0.5,1.79,1
1.0,17.0,2.0,9238.0,1.0,1.0,133.0,1.0,1.0,37.0,7.0,9.0,127.4,1.0,0.0,0.0,1.0,0.0,1.0,18.0,0.0,0.0,6.0,8.0,6.0,12.25,0.0,0.0,6.0,7.0,6.0,11.857142857142858,0.0,12.7,3.7,-1.7,1
1.0,1.0,3.0,9238.0,1.0,1.0,125.0,1.0,19.0,1.0,9.0,10.0,123.6,1.0,0.0,0.0,1.0,0.0,0.0,20.0,0.0,0.0,6.0,10.0,4.0,11.0,0.0,0.0,6.0,9.0,6.0,11.833333333333334,0.0,9.4,-0.8,-3.12,1
1.0,39.0,1.0,8014.0,0.0,1.0,120.0,1.0,1.0,19.0,6.0,8.0,122.0,0.0,0.0,0.0,1.0,0.0,1.0,24.0,0.0,0.0,6.0,11.0,5.0,11.0,0.0,0.0,6.0,9.0,5.0,12.6,0.0,11.1,0.6,2.02,1
1.0,1.0,1.0,9670.0,1.0,1.0,128.0,1.0,19.0,1.0,4.0,1.0,118.2,0.0,0.0,0.0,1.0,0.0,0.0,19.0,0.0,0.0,6.0,6.0,6.0,13.166666666666666,0.0,0.0,6.0,9.0,6.0,13.0,0.0,10.8,1.4,1.74,0
1.0,1.0,1.0,9500.0,1.0,1.0,127.0,1.0,19.0,37.0,9.0,7.0,123.9,1.0,0.0,0.0,1.0,0.0,1.0,18.0,0.0,0.0,7.0,9.0,7.0,12.855555555555554,0.0,0.0,8.0,12.0,7.0,12.761111111111113,0.0,15.5,2.8,-4.06,1
1.0,1.0,2.0,9500.0,1.0,1.0,134.0,1.0,19.0,19.0,9.0,9.0,125.8,1.0,0.0,0.0,1.0,0.0,0.0,18.0,0.0,0.0,7.0,8.0,7.0,14.91875,0.0,0.0,8.0,8.0,8.0,15.355,0.0,15.5,2.8,-4.06,1
1.0,17.0,5.0,9853.0,1.0,1.0,132.0,1.0,12.0,12.0,4.0,4.0,123.3,1.0,0.0,0.0,1.0,0.0,0.0,21.0,0.0,0.0,6.0,13.0,4.0,11.5,0.0,0.0,6.0,10.0,3.0,11.0,0.0,10.8,1.4,1.74,0
1.0,17.0,2.0,9670.0,1.0,1.0,124.0,1.0,1.0,19.0,5.0,4.0,124.4,0.0,0.0,0.0,1.0,0.0,0.0,19.0,0.0,0.0,5.0,5.0,5.0,14.2,0.0,0.0,5.0,5.0,5.0,14.2,0.0,7.6,2.6,0.32,1
1.0,17.0,1.0,9773.0,1.0,1.0,133.1,1.0,19.0,37.0,7.0,7.0,126.0,0.0,0.0,0.0,1.0,0.0,1.0,19.0,0.0,0.0,6.0,6.0,6.0,12.5,0.0,0.0,6.0,7.0,6.0,13.0,0.0,15.5,2.8,-4.06,1
1.0,17.0,3.0,9238.0,1.0,1.0,125.0,1.0,19.0,19.0,7.0,8.0,121.5,0.0,0.0,0.0,1.0,0.0,0.0,19.0,0.0,0.0,6.0,10.0,5.0,11.666666666666666,0.0,0.0,6.0,12.0,4.0,11.0,0.0,13.9,-0.3,0.79,1
1.0,39.0,1.0,9500.0,1.0,3.0,130.0,1.0,2.0,2.0,1.0,1.0,130.0,0.0,0.0,0.0,1.0,0.0,0.0,29.0,0.0,1.0,8.0,8.0,7.0,14.257142857142856,0.0,1.0,8.0,8.0,7.0,14.257142857142856,0.0,12.7,3.7,-1.7,1
1.0,43.0,1.0,9238.0,1.0,1.0,125.0,1.0,19.0,19.0,4.0,8.0,117.0,1.0,0.0,0.0,1.0,0.0,0.0,21.0,0.0,0.0,6.0,13.0,3.0,12.0,0.0,0.0,6.0,12.0,2.0,11.333333333333334,0.0,16.2,0.3,-0.92,0
1.0,17.0,2.0,9556.0,1.0,1.0,133.1,1.0,37.0,37.0,3.0,10.0,108.0,0.0,0.0,0.0,1.0,0.0,0.0,20.0,0.0,0.0,7.0,8.0,7.0,12.457142857142856,0.0,0.0,8.0,8.0,8.0,13.5625,0.0,15.5,2.8,-4.06,1
1.0,17.0,1.0,9500.0,1.0,1.0,131.0,1.0,2.0,38.0,4.0,5.0,132.3,1.0,0.0,0.0,1.0,0.0,0.0,19.0,0.0,0.0,7.0,7.0,6.0,11.683333333333332,0.0,0.0,7.0,7.0,6.0,11.683333333333332,0.0,7.6,2.6,0.32,1
1.0,42.0,1.0,8014.0,0.0,1.0,150.0,1.0,19.0,2.0,4.0,6.0,148.0,0.0,0.0,0.0,1.0,0.0,0.0,26.0,0.0,0.0,6.0,10.0,3.0,11.666666666666666,0.0,0.0,6.0,8.0,5.0,12.0,0.0,9.4,-0.8,-3.12,1
1.0,17.0,2.0,9254.0,1.0,1.0,125.0,1.0,37.0,37.0,9.0,8.0,122.6,1.0,0.0,1.0,0.0,0.0,0.0,20.0,0.0,0.0,6.0,8.0,4.0,11.75,0.0,0.0,6.0,6.0,6.0,13.166666666666666,0.0,11.1,0.6,2.02,0
1.0,39.0,1.0,9853.0,1.0,1.0,130.0,1.0,37.0,19.0,9.0,5.0,102.5,0.0,0.0,0.0,1.0,0.0,0.0,27.0,0.0,0.0,6.0,9.0,5.0,13.2,0.0,0.0,6.0,10.0,5.0,12.0,0.0,7.6,2.6,0.32,1
1.0,1.0,2.0,9500.0,1.0,1.0,123.0,1.0,34.0,34.0,90.0,90.0,113.3,1.0,0.0,0.0,1.0,0.0,0.0,20.0,0.0,0.0,7.0,8.0,4.0,11.95,0.0,0.0,7.0,8.0,4.0,11.95,0.0,7.6,2.6,0.32,0
1.0,1.0,5.0,9853.0,1.0,1.0,141.0,1.0,37.0,19.0,9.0,5.0,133.0,1.0,0.0,0.0,1.0,0.0,0.0,18.0,0.0,0.0,6.0,8.0,5.0,12.4,0.0,0.0,6.0,12.0,5.0,10.4,0.0,9.4,-0.8,-3.12,0
1.0,7.0,1.0,9500.0,1.0,3.0,140.0,1.0,1.0,1.0,9.0,5.0,140.0,0.0,0.0,0.0,1.0,0.0,0.0,33.0,0.0,2.0,7.0,8.0,6.0,14.35,0.0,3.0,8.0,10.0,6.0,14.583333333333334,0.0,16.2,0.3,-0.92,0
1.0,43.0,1.0,9853.0,1.0,1.0,140.0,1.0,3.0,1.0,3.0,3.0,128.3,1.0,0.0,0.0,1.0,0.0,0.0,35.0,0.0,19.0,21.0,21.0,21.0,12.61904761904762,0.0,13.0,19.0,19.0,19.0,12.789473684210526,0.0,12.4,0.5,1.79,1
1.0,39.0,1.0,9773.0,1.0,19.0,133.1,1.0,19.0,19.0,3.0,4.0,104.0,0.0,0.0,1.0,0.0,0.0,0.0,27.0,0.0,0.0,6.0,6.0,5.0,12.0,0.0,0.0,6.0,6.0,0.0,0.0,0.0,11.1,0.6,2.02,0
1.0,18.0,3.0,9070.0,1.0,1.0,131.0,1.0,1.0,37.0,5.0,5.0,122.3,1.0,0.0,0.0,0.0,0.0,0.0,19.0,0.0,0.0,6.0,6.0,6.0,12.166666666666666,0.0,0.0,6.0,6.0,0.0,0.0,0.0,15.5,2.8,-4.06,0
1.0,17.0,2.0,9254.0,1.0,1.0,143.0,1.0,1.0,19.0,4.0,6.0,135.0,0.0,0.0,0.0,1.0,0.0,0.0,20.0,0.0,0.0,6.0,0.0,0.0,0.0,0.0,0.0,6.0,0.0,0.0,0.0,0.0,11.1,0.6,2.02,0
1.0,18.0,2.0,9147.0,1.0,1.0,132.0,1.0,3.0,3.0,5.0,7.0,119.1,1.0,0.0,1.0,0.0,0.0,0.0,20.0,0.0,0.0,5.0,9.0,3.0,10.0,0.0,0.0,5.0,9.0,3.0,10.571428571428571,0.0,10.8,1.4,1.74,0
1.0,17.0,3.0,9500.0,1.0,1.0,141.0,1.0,38.0,1.0,9.0,4.0,129.0,1.0,0.0,0.0,1.0,0.0,1.0,18.0,0.0,0.0,7.0,7.0,6.0,13.05,0.0,0.0,7.0,7.0,6.0,13.05,0.0,7.6,2.6,0.32,1
1.0,39.0,1.0,9085.0,1.0,1.0,133.1,1.0,1.0,19.0,9.0,9.0,162.3,1.0,0.0,0.0,1.0,0.0,0.0,24.0,0.0,0.0,6.0,10.0,2.0,11.0,0.0,0.0,6.0,6.0,0.0,0.0,0.0,8.9,1.4,3.51,0
1.0,17.0,4.0,9070.0,1.0,1.0,148.0,1.0,1.0,3.0,4.0,1.0,163.4,1.0,0.0,0.0,1.0,0.0,0.0,20.0,0.0,0.0,6.0,7.0,6.0,11.5,0.0,0.0,6.0,6.0,6.0,12.0,0.0,16.2,0.3,-0.92,1
1.0,1.0,1.0,9254.0,1.0,1.0,125.0,1.0,19.0,38.0,9.0,8.0,121.5,0.0,0.0,0.0,1.0,0.0,1.0,21.0,0.0,0.0,6.0,7.0,6.0,12.0,0.0,0.0,6.0,6.0,6.0,12.5,0.0,13.9,-0.3,0.79,1
1.0,39.0,1.0,9147.0,1.0,1.0,140.0,1.0,12.0,3.0,4.0,3.0,118.0,1.0,0.0,0.0,1.0,0.0,0.0,24.0,0.0,0.0,5.0,5.0,0.0,0.0,0.0,0.0,5.0,5.0,0.0,0.0,0.0,7.6,2.6,0.32,0
1.0,51.0,1.0,9853.0,1.0,1.0,139.0,1.0,1.0,1.0,4.0,10.0,134.0,0.0,0.0,0.0,1.0,0.0,0.0,21.0,0.0,0.0,6.0,0.0,0.0,0.0,0.0,0.0,6.0,0.0,0.0,0.0,0.0,12.4,0.5,1.79,0
1.0,1.0,4.0,9500.0,1.0,1.0,142.0,1.0,38.0,38.0,9.0,8.0,129.8,1.0,0.0,0.0,1.0,0.0,0.0,18.0,0.0,0.0,8.0,8.0,7.0,12.242857142857144,0.0,0.0,8.0,8.0,7.0,12.242857142857144,0.0,12.7,3.7,-1.7,1
1.0,39.0,1.0,9991.0,0.0,40.0,130.0,1.0,19.0,1.0,3.0,4.0,152.0,1.0,0.0,0.0,1.0,0.0,0.0,27.0,0.0,0.0,5.0,0.0,0.0,0.0,0.0,0.0,5.0,0.0,0.0,0.0,0.0,8.9,1.4,3.51,0
1.0,18.0,6.0,9500.0,1.0,1.0,126.0,1.0,37.0,37.0,5.0,5.0,122.8,1.0,0.0,0.0,1.0,0.0,0.0,18.0,0.0,0.0,8.0,8.0,8.0,12.93375,0.0,0.0,8.0,8.0,8.0,12.93375,0.0,9.4,-0.8,-3.12,1
1.0,7.0,1.0,9119.0,1.0,3.0,150.0,1.0,3.0,2.0,2.0,2.0,150.0,0.0,0.0,0.0,1.0,0.0,0.0,35.0,0.0,0.0,5.0,0.0,0.0,0.0,0.0,0.0,5.0,0.0,0.0,0.0,0.0,13.9,-0.3,0.79,0
1.0,1.0,1.0,9853.0,1.0,1.0,130.0,1.0,19.0,19.0,3.0,8.0,131.8,0.0,0.0,0.0,1.0,0.0,0.0,18.0,0.0,0.0,7.0,9.0,7.0,12.571428571428571,0.0,0.0,7.0,8.0,7.0,14.428571428571429,0.0,11.1,0.6,2.02,1
1.0,1.0,1.0,9085.0,1.0,1.0,138.0,1.0,1.0,1.0,4.0,7.0,132.1,1.0,0.0,0.0,1.0,0.0,0.0,19.0,0.0,0.0,5.0,9.0,4.0,13.75,0.0,0.0,5.0,13.0,4.0,14.333333333333334,2.0,10.8,1.4,1.74,1
1.0,1.0,4.0,9238.0,1.0,1.0,127.0,1.0,19.0,19.0,4.0,0.0,127.4,1.0,0.0,0.0,1.0,0.0,0.0,20.0,0.0,0.0,6.0,8.0,6.0,11.166666666666666,0.0,0.0,6.0,6.0,6.0,11.333333333333334,0.0,7.6,2.6,0.32,1
1.0,1.0,4.0,9500.0,1.0,1.0,140.0,1.0,19.0,19.0,7.0,7.0,129.5,1.0,0.0,0.0,1.0,0.0,0.0,18.0,0.0,0.0,8.0,8.0,7.0,12.324285714285711,0.0,0.0,8.0,8.0,7.0,12.324285714285711,0.0,10.8,1.4,1.74,1
1.0,44.0,1.0,9238.0,1.0,39.0,130.0,1.0,38.0,38.0,5.0,10.0,126.7,0.0,0.0,1.0,1.0,0.0,0.0,21.0,0.0,3.0,6.0,6.0,6.0,12.166666666666666,0.0,2.0,6.0,7.0,6.0,11.714285714285714,0.0,13.9,-0.3,0.79,1
1.0,17.0,2.0,9238.0,1.0,1.0,128.0,1.0,19.0,37.0,9.0,8.0,116.5,0.0,0.0,0.0,1.0,0.0,1.0,18.0,0.0,0.0,6.0,11.0,5.0,11.142857142857142,0.0,0.0,6.0,11.0,4.0,11.25,0.0,16.2,0.3,-0.92,1
1.0,1.0,1.0,9238.0,1.0,1.0,132.0,1.0,34.0,34.0,0.0,0.0,119.1,1.0,0.0,0.0,1.0,0.0,0.0,18.0,0.0,0.0,6.0,9.0,4.0,11.0,0.0,0.0,6.0,9.0,4.0,10.75,0.0,7.6,2.6,0.32,1
1.0,1.0,2.0,9500.0,1.0,1.0,149.0,1.0,19.0,38.0,9.0,9.0,126.5,1.0,0.0,0.0,1.0,0.0,0.0,18.0,0.0,0.0,8.0,8.0,7.0,12.914285714285713,0.0,0.0,8.0,8.0,7.0,12.914285714285713,0.0,12.7,3.7,-1.7,1
1.0,1.0,4.0,9773.0,1.0,1.0,155.0,1.0,3.0,19.0,1.0,4.0,149.8,1.0,0.0,0.0,1.0,0.0,1.0,18.0,0.0,0.0,6.0,6.0,6.0,13.833333333333334,0.0,0.0,6.0,6.0,6.0,14.166666666666666,0.0,16.2,0.3,-0.92,1
1.0,1.0,1.0,9085.0,1.0,1.0,120.0,1.0,19.0,1.0,8.0,7.0,115.1,1.0,0.0,0.0,1.0,0.0,0.0,19.0,0.0,0.0,6.0,8.0,6.0,13.857142857142858,0.0,0.0,6.0,9.0,5.0,13.4,0.0,13.9,-0.3,0.79,1
1.0,39.0,1.0,9254.0,1.0,19.0,133.1,1.0,3.0,19.0,2.0,3.0,124.5,0.0,0.0,0.0,1.0,0.0,1.0,36.0,0.0,0.0,6.0,7.0,6.0,13.714285714285714,0.0,0.0,6.0,6.0,5.0,12.8,0.0,16.2,0.3,-0.92,0
1.0,1.0,2.0,9500.0,1.0,1.0,131.0,1.0,38.0,1.0,7.0,4.0,128.3,1.0,0.0,0.0,1.0,0.0,1.0,18.0,0.0,0.0,8.0,8.0,7.0,12.642857142857142,0.0,0.0,8.0,8.0,7.0,12.642857142857142,0.0,12.7,3.7,-1.7,1
1.0,1.0,1.0,9500.0,1.0,1.0,149.0,1.0,37.0,37.0,9.0,9.0,136.0,0.0,0.0,0.0,1.0,0.0,1.0,18.0,0.0,0.0,7.0,7.0,6.0,12.916666666666666,0.0,0.0,7.0,7.0,6.0,12.916666666666666,0.0,7.6,2.6,0.32,1
1.0,43.0,1.0,9130.0,1.0,1.0,140.0,1.0,1.0,3.0,9.0,2.0,140.0,1.0,0.0,0.0,1.0,0.0,1.0,20.0,0.0,0.0,6.0,8.0,6.0,15.625,0.0,0.0,6.0,8.0,6.0,15.857142857142858,0.0,13.9,-0.3,0.79,1
1.0,39.0,1.0,9991.0,0.0,1.0,133.1,1.0,37.0,37.0,9.0,9.0,126.3,0.0,0.0,0.0,1.0,0.0,1.0,26.0,0.0,0.0,5.0,7.0,0.0,0.0,0.0,0.0,5.0,8.0,0.0,0.0,0.0,16.2,0.3,-0.92,0
1.0,43.0,1.0,9773.0,1.0,1.0,122.0,1.0,1.0,1.0,4.0,5.0,126.9,0.0,0.0,0.0,1.0,0.0,0.0,21.0,0.0,0.0,6.0,8.0,6.0,11.714285714285714,0.0,0.0,6.0,7.0,6.0,12.0,0.0,7.6,2.6,0.32,1
1.0,18.0,1.0,9147.0,1.0,1.0,121.0,1.0,19.0,3.0,5.0,5.0,115.8,1.0,0.0,0.0,1.0,0.0,1.0,19.0,0.0,0.0,5.0,7.0,5.0,11.6,0.0,0.0,5.0,5.0,5.0,11.6,0.0,12.4,0.5,1.79,1
1.0,39.0,1.0,8014.0,0.0,1.0,120.0,1.0,19.0,37.0,8.0,7.0,100.0,1.0,0.0,0.0,1.0,0.0,0.0,24.0,0.0,0.0,6.0,11.0,1.0,10.0,0.0,0.0,6.0,6.0,0.0,0.0,6.0,9.4,-0.8,-3.12,0
1.0,39.0,1.0,8014.0,0.0,1.0,133.1,1.0,1.0,19.0,5.0,4.0,102.5,0.0,0.0,0.0,1.0,0.0,1.0,27.0,0.0,0.0,6.0,16.0,1.0,10.0,0.0,0.0,6.0,13.0,0.0,0.0,0.0,8.9,1.4,3.51,0
1.0,17.0,1.0,9085.0,1.0,1.0,121.0,1.0,19.0,37.0,1.0,3.0,131.5,0.0,0.0,0.0,1.0,0.0,0.0,21.0,0.0,0.0,5.0,10.0,0.0,0.0,1.0,0.0,5.0,9.0,2.0,13.5,0.0,7.6,2.6,0.32,0
1.0,1.0,1.0,9147.0,1.0,1.0,133.0,1.0,38.0,38.0,7.0,7.0,147.0,0.0,0.0,0.0,1.0,0.0,1.0,18.0,0.0,0.0,5.0,7.0,4.0,13.0,0.0,0.0,5.0,8.0,3.0,12.333333333333334,0.0,9.4,-0.8,-3.12,1
2.0,1.0,4.0,9853.0,1.0,1.0,134.0,1.0,37.0,37.0,5.0,7.0,122.5,0.0,1.0,0.0,1.0,0.0,1.0,19.0,0.0,0.0,6.0,6.0,6.0,13.333333333333334,0.0,0.0,6.0,6.0,6.0,14.5,0.0,10.8,1.4,1.74,1
1.0,1.0,3.0,9254.0,1.0,1.0,115.0,1.0,1.0,1.0,3.0,3.0,117.5,1.0,0.0,0.0,1.0,0.0,0.0,18.0,0.0,0.0,6.0,9.0,4.0,11.25,0.0,0.0,6.0,13.0,2.0,12.5,0.0,9.4,-0.8,-3.12,0
1.0,51.0,1.0,9500.0,1.0,1.0,127.0,1.0,19.0,1.0,5.0,9.0,150.0,0.0,0.0,0.0,1.0,0.0,1.0,19.0,0.0,0.0,7.0,9.0,5.0,13.85,0.0,0.0,8.0,9.0,7.0,12.19285714285714,0.0,11.1,0.6,2.02,1
1.0,18.0,1.0,9500.0,1.0,1.0,135.0,1.0,1.0,38.0,4.0,5.0,127.5,1.0,0.0,0.0,1.0,0.0,1.0,19.0,0.0,0.0,7.0,8.0,6.0,13.741666666666667,0.0,0.0,8.0,9.0,7.0,14.9125,0.0,16.2,0.3,-0.92,1
2.0,7.0,1.0,9991.0,0.0,43.0,140.0,1.0,40.0,5.0,3.0,3.0,140.0,0.0,0.0,0.0,1.0,0.0,0.0,33.0,0.0,2.0,6.0,7.0,6.0,15.333333333333334,0.0,0.0,5.0,5.0,5.0,15.8,0.0,11.1,0.6,2.02,1
2.0,7.0,1.0,9147.0,1.0,3.0,130.0,1.0,1.0,4.0,3.0,10.0,130.0,0.0,0.0,0.0,1.0,0.0,0.0,45.0,0.0,0.0,5.0,6.0,5.0,11.0,0.0,0.0,5.0,5.0,5.0,13.8,0.0,12.4,0.5,1.79,1
1.0,1.0,1.0,9238.0,1.0,1.0,135.0,1.0,1.0,1.0,9.0,9.0,133.3,0.0,0.0,0.0,1.0,0.0,1.0,20.0,0.0,0.0,6.0,6.0,6.0,12.0,0.0,0.0,6.0,7.0,6.0,12.857142857142858,0.0,11.1,0.6,2.02,1
1.0,39.0,2.0,9670.0,1.0,1.0,140.0,1.0,34.0,34.0,0.0,0.0,97.0,1.0,0.0,0.0,1.0,0.0,0.0,28.0,0.0,0.0,5.0,5.0,0.0,0.0,0.0,0.0,5.0,5.0,0.0,0.0,0.0,7.6,2.6,0.32,0
1.0,43.0,1.0,9500.0,1.0,1.0,120.0,1.0,1.0,1.0,5.0,8.0,112.0,1.0,0.0,0.0,1.0,0.0,1.0,19.0,0.0,0.0,8.0,15.0,7.0,11.571428571428571,0.0,0.0,8.0,15.0,7.0,11.571428571428571,0.0,12.7,3.7,-1.7,1
1.0,1.0,2.0,9254.0,1.0,1.0,140.0,1.0,1.0,37.0,4.0,5.0,123.6,1.0,0.0,0.0,1.0,0.0,0.0,18.0,0.0,0.0,6.0,10.0,6.0,12.857142857142858,0.0,0.0,6.0,6.0,3.0,12.666666666666666,0.0,12.7,3.7,-1.7,1
1.0,39.0,1.0,9254.0,1.0,3.0,133.1,1.0,19.0,19.0,4.0,6.0,130.5,0.0,0.0,0.0,1.0,0.0,0.0,38.0,0.0,0.0,6.0,0.0,0.0,0.0,0.0,0.0,6.0,0.0,0.0,0.0,0.0,15.5,2.8,-4.06,0
1.0,1.0,2.0,9670.0,1.0,1.0,135.0,1.0,1.0,3.0,4.0,3.0,133.3,0.0,0.0,0.0,1.0,0.0,0.0,19.0,0.0,0.0,5.0,5.0,5.0,13.0,0.0,0.0,5.0,5.0,5.0,13.2,0.0,9.4,-0.8,-3.12,1
1.0,1.0,1.0,9254.0,1.0,1.0,123.0,1.0,1.0,37.0,9.0,9.0,132.1,0.0,0.0,0.0,1.0,0.0,1.0,21.0,0.0,0.0,6.0,9.0,5.0,11.0,0.0,0.0,6.0,8.0,5.0,12.0,0.0,15.5,2.8,-4.06,1
1.0,1.0,1.0,9147.0,1.0,1.0,133.1,1.0,37.0,1.0,9.0,10.0,100.0,0.0,0.0,0.0,1.0,0.0,0.0,21.0,0.0,0.0,5.0,12.0,3.0,12.0,0.0,0.0,5.0,12.0,1.0,15.0,3.0,16.2,0.3,-0.92,0
1.0,1.0,1.0,9238.0,1.0,1.0,154.0,1.0,38.0,37.0,9.0,9.0,140.4,0.0,0.0,0.0,1.0,0.0,1.0,22.0,0.0,0.0,6.0,6.0,5.0,12.6,0.0,0.0,6.0,6.0,6.0,13.0,0.0,10.8,1.4,1.74,1
1.0,1.0,1.0,9853.0,1.0,1.0,148.0,1.0,19.0,19.0,5.0,7.0,141.7,0.0,0.0,0.0,1.0,0.0,1.0,18.0,0.0,0.0,6.0,8.0,5.0,13.4,0.0,0.0,6.0,7.0,6.0,13.166666666666666,0.0,9.4,-0.8,-3.12,1
1.0,17.0,2.0,9238.0,1.0,1.0,133.0,1.0,37.0,37.0,3.0,9.0,119.7,0.0,1.0,0.0,1.0,0.0,1.0,18.0,0.0,0.0,6.0,9.0,6.0,11.333333333333334,0.0,0.0,6.0,9.0,6.0,11.571428571428571,0.0,15.5,2.8,-4.06,1
1.0,1.0,1.0,9130.0,1.0,1.0,126.0,1.0,19.0,1.0,9.0,9.0,122.5,1.0,0.0,0.0,0.0,0.0,0.0,25.0,0.0,0.0,5.0,14.0,4.0,13.5,2.0,0.0,5.0,10.0,4.0,14.25,0.0,9.4,-0.8,-3.12,0
1.0,39.0,1.0,9085.0,1.0,19.0,133.1,1.0,19.0,19.0,9.0,7.0,140.0,0.0,0.0,1.0,0.0,0.0,0.0,24.0,0.0,2.0,6.0,11.0,3.0,11.75,0.0,1.0,6.0,14.0,3.0,10.333333333333334,0.0,16.2,0.3,-0.92,0
1.0,1.0,2.0,9147.0,1.0,1.0,118.0,1.0,37.0,19.0,5.0,5.0,119.1,1.0,0.0,0.0,1.0,0.0,1.0,20.0,0.0,0.0,5.0,5.0,5.0,11.6,0.0,0.0,5.0,5.0,5.0,13.6,0.0,12.4,0.5,1.79,1
1.0,39.0,1.0,9147.0,1.0,1.0,120.0,1.0,37.0,1.0,9.0,1.0,122.7,0.0,0.0,0.0,0.0,0.0,0.0,25.0,0.0,0.0,5.0,5.0,0.0,0.0,0.0,0.0,5.0,9.0,0.0,0.0,0.0,10.8,1.4,1.74,0
1.0,1.0,1.0,9147.0,1.0,1.0,127.0,1.0,38.0,19.0,9.0,10.0,117.9,0.0,0.0,0.0,1.0,0.0,1.0,20.0,0.0,5.0,10.0,13.0,9.0,12.9,0.0,4.0,10.0,12.0,10.0,12.363636363636363,0.0,8.9,1.4,3.51,1
1.0,7.0,1.0,9500.0,1.0,3.0,130.0,1.0,19.0,38.0,5.0,3.0,130.0,0.0,0.0,0.0,1.0,0.0,0.0,23.0,0.0,0.0,8.0,8.0,8.0,13.22,0.0,0.0,8.0,8.0,8.0,13.22,0.0,9.4,-0.8,-3.12,1
1.0,17.0,3.0,9500.0,1.0,1.0,129.0,1.0,19.0,37.0,7.0,6.0,120.0,1.0,0.0,0.0,1.0,0.0,1.0,19.0,0.0,0.0,8.0,8.0,7.0,13.151428571428571,0.0,0.0,8.0,8.0,7.0,13.151428571428571,0.0,10.8,1.4,1.74,1
1.0,44.0,1.0,9003.0,1.0,39.0,130.0,1.0,37.0,37.0,9.0,10.0,130.0,0.0,0.0,1.0,0.0,0.0,0.0,29.0,0.0,0.0,6.0,13.0,3.0,12.75,0.0,0.0,6.0,8.0,3.0,11.333333333333334,0.0,13.9,-0.3,0.79,0
1.0,1.0,3.0,9254.0,1.0,1.0,121.0,1.0,19.0,37.0,4.0,7.0,116.8,1.0,0.0,0.0,1.0,0.0,0.0,21.0,0.0,0.0,6.0,8.0,6.0,11.333333333333334,0.0,0.0,6.0,8.0,4.0,12.25,0.0,11.1,0.6,2.02,1
1.0,1.0,1.0,9670.0,1.0,1.0,136.0,1.0,19.0,1.0,9.0,8.0,123.4,1.0,0.0,0.0,1.0,0.0,1.0,18.0,0.0,0.0,6.0,10.0,6.0,13.25,0.0,0.0,6.0,13.0,5.0,14.142857142857142,0.0,11.1,0.6,2.02,1
1.0,1.0,3.0,9773.0,1.0,1.0,131.0,1.0,38.0,37.0,7.0,7.0,127.2,1.0,0.0,0.0,1.0,0.0,1.0,18.0,0.0,0.0,6.0,6.0,6.0,15.0,0.0,0.0,6.0,6.0,6.0,12.833333333333334,0.0,8.9,1.4,3.51,0
1.0,1.0,1.0,9085.0,1.0,1.0,122.0,1.0,9.0,19.0,90.0,6.0,103.4,0.0,0.0,0.0,1.0,0.0,0.0,19.0,0.0,0.0,5.0,6.0,5.0,14.4,0.0,0.0,5.0,6.0,5.0,13.0,0.0,7.6,2.6,0.32,1
1.0,17.0,1.0,9147.0,1.0,1.0,136.0,1.0,1.0,1.0,4.0,4.0,124.1,0.0,0.0,0.0,1.0,0.0,0.0,18.0,0.0,0.0,5.0,8.0,5.0,12.4,0.0,0.0,5.0,6.0,5.0,10.8,0.0,8.9,1.4,3.51,1
2.0,39.0,1.0,9556.0,1.0,19.0,133.1,1.0,38.0,37.0,7.0,7.0,99.5,1.0,0.0,1.0,0.0,0.0,1.0,37.0,0.0,0.0,7.0,13.0,1.0,16.0,0.0,0.0,7.0,12.0,0.0,0.0,0.0,8.9,1.4,3.51,0
1.0,17.0,1.0,9991.0,0.0,40.0,127.0,1.0,37.0,37.0,6.0,6.0,124.9,0.0,0.0,0.0,1.0,0.0,0.0,29.0,0.0,0.0,5.0,10.0,5.0,13.571428571428571,0.0,0.0,5.0,14.0,5.0,12.333333333333334,3.0,16.2,0.3,-0.92,1
1.0,1.0,1.0,9238.0,1.0,1.0,121.0,1.0,1.0,1.0,9.0,8.0,118.9,1.0,0.0,0.0,1.0,0.0,1.0,19.0,0.0,0.0,6.0,8.0,5.0,11.666666666666666,0.0,0.0,6.0,9.0,5.0,12.666666666666666,0.0,12.4,0.5,1.79,1
1.0,43.0,1.0,9238.0,1.0,1.0,124.0,1.0,1.0,1.0,3.0,1.0,118.8,1.0,0.0,1.0,0.0,0.0,0.0,22.0,0.0,6.0,10.0,16.0,6.0,11.833333333333334,0.0,2.0,7.0,8.0,2.0,13.0,0.0,16.2,0.3,-0.92,0
1.0,1.0,1.0,9254.0,1.0,1.0,131.0,1.0,37.0,38.0,9.0,7.0,137.0,0.0,0.0,0.0,1.0,0.0,1.0,20.0,0.0,0.0,6.0,8.0,6.0,11.166666666666666,0.0,0.0,6.0,10.0,5.0,10.6,0.0,15.5,2.8,-4.06,1
1.0,39.0,1.0,8014.0,0.0,1.0,100.0,1.0,37.0,37.0,99.0,99.0,100.0,0.0,0.0,0.0,1.0,0.0,0.0,34.0,0.0,0.0,6.0,0.0,0.0,0.0,0.0,0.0,6.0,0.0,0.0,0.0,0.0,12.7,3.7,-1.7,0
1.0,43.0,1.0,9119.0,1.0,1.0,130.0,1.0,37.0,38.0,9.0,9.0,120.0,0.0,0.0,1.0,0.0,0.0,0.0,30.0,0.0,8.0,12.0,17.0,8.0,11.75,0.0,6.0,12.0,19.0,6.0,12.166666666666666,2.0,7.6,2.6,0.32,0
1.0,1.0,1.0,9238.0,1.0,1.0,135.0,1.0,1.0,1.0,4.0,4.0,122.8,0.0,0.0,0.0,1.0,0.0,0.0,18.0,0.0,0.0,6.0,7.0,6.0,14.0,0.0,0.0,6.0,7.0,6.0,14.0,0.0,10.8,1.4,1.74,1
1.0,1.0,1.0,9238.0,1.0,1.0,130.0,1.0,38.0,19.0,9.0,5.0,121.6,0.0,0.0,0.0,1.0,0.0,0.0,18.0,0.0,0.0,6.0,6.0,6.0,12.833333333333334,0.0,0.0,6.0,6.0,6.0,12.0,0.0,12.4,0.5,1.79,1
1.0,1.0,2.0,9773.0,1.0,1.0,146.0,1.0,3.0,1.0,1.0,3.0,149.2,1.0,0.0,0.0,1.0,0.0,0.0,18.0,0.0,0.0,6.0,11.0,4.0,12.25,0.0,0.0,6.0,10.0,3.0,11.666666666666666,0.0,9.4,-0.8,-3.12,1
1.0,17.0,4.0,9500.0,1.0,1.0,146.0,1.0,4.0,1.0,2.0,3.0,140.0,1.0,0.0,0.0,1.0,0.0,0.0,18.0,0.0,0.0,8.0,8.0,7.0,14.828571428571427,0.0,0.0,8.0,8.0,7.0,14.828571428571427,0.0,12.7,3.7,-1.7,1
1.0,1.0,2.0,9773.0,1.0,1.0,154.0,1.0,38.0,38.0,9.0,9.0,133.4,1.0,0.0,0.0,1.0,0.0,1.0,19.0,0.0,0.0,6.0,7.0,5.0,11.4,0.0,0.0,6.0,8.0,5.0,12.8,0.0,12.7,3.7,-1.7,1
1.0,1.0,1.0,9070.0,1.0,1.0,137.0,1.0,37.0,37.0,9.0,9.0,126.2,1.0,0.0,0.0,1.0,0.0,1.0,19.0,0.0,0.0,6.0,6.0,6.0,13.0,0.0,0.0,6.0,8.0,6.0,12.5,0.0,10.8,1.4,1.74,1
1.0,1.0,5.0,9500.0,1.0,1.0,151.0,1.0,1.0,1.0,9.0,9.0,127.8,0.0,0.0,0.0,1.0,0.0,1.0,18.0,0.0,0.0,8.0,8.0,7.0,13.671428571428573,0.0,0.0,8.0,8.0,7.0,13.671428571428573,0.0,12.7,3.7,-1.7,1
1.0,44.0,1.0,9003.0,1.0,39.0,150.0,1.0,37.0,38.0,4.0,8.0,150.0,0.0,0.0,0.0,1.0,0.0,1.0,21.0,0.0,0.0,6.0,9.0,6.0,12.666666666666666,0.0,0.0,6.0,8.0,5.0,12.8,0.0,13.9,-0.3,0.79,1
1.0,1.0,2.0,9147.0,1.0,1.0,121.0,1.0,1.0,19.0,9.0,9.0,113.7,1.0,0.0,0.0,0.0,0.0,0.0,20.0,0.0,0.0,5.0,10.0,2.0,10.0,0.0,0.0,5.0,12.0,1.0,13.0,0.0,7.6,2.6,0.32,0
1.0,17.0,1.0,9147.0,1.0,1.0,122.0,1.0,12.0,19.0,4.0,8.0,117.8,1.0,0.0,0.0,1.0,0.0,0.0,20.0,0.0,0.0,5.0,10.0,5.0,13.5,0.0,0.0,5.0,8.0,5.0,12.333333333333334,0.0,13.9,-0.3,0.79,1
1.0,1.0,1.0,9500.0,1.0,1.0,143.0,1.0,5.0,1.0,2.0,5.0,136.7,0.0,0.0,0.0,1.0,0.0,0.0,19.0,0.0,2.0,7.0,8.0,7.0,12.67,0.0,1.0,8.0,8.0,8.0,13.55,0.0,11.1,0.6,2.02,1
1.0,1.0,1.0,9238.0,1.0,1.0,152.0,1.0,1.0,38.0,4.0,5.0,144.7,0.0,0.0,0.0,1.0,0.0,0.0,20.0,0.0,0.0,6.0,8.0,6.0,14.5,0.0,0.0,6.0,7.0,6.0,15.428571428571429,0.0,16.2,0.3,-0.92,1
1.0,17.0,3.0,9500.0,1.0,1.0,145.0,1.0,12.0,1.0,4.0,10.0,139.8,1.0,0.0,0.0,1.0,0.0,0.0,18.0,0.0,0.0,7.0,7.0,7.0,13.685714285714283,0.0,0.0,8.0,8.0,8.0,15.3875,0.0,13.9,-0.3,0.79,1
1.0,42.0,1.0,9853.0,1.0,1.0,120.0,1.0,37.0,38.0,3.0,3.0,113.7,0.0,0.0,0.0,1.0,0.0,0.0,20.0,0.0,0.0,6.0,8.0,5.0,11.0,0.0,0.0,6.0,10.0,3.0,10.666666666666666,0.0,12.7,3.7,-1.7,0
2.0,7.0,1.0,9130.0,1.0,3.0,140.0,1.0,5.0,4.0,2.0,0.0,140.0,0.0,0.0,1.0,0.0,0.0,0.0,29.0,0.0,7.0,9.0,16.0,7.0,11.555555555555555,4.0,5.0,7.0,12.0,5.0,13.2,2.0,7.6,2.6,0.32,0
1.0,1.0,1.0,9500.0,1.0,1.0,129.0,1.0,19.0,19.0,5.0,5.0,119.6,1.0,0.0,0.0,1.0,0.0,1.0,20.0,0.0,0.0,7.0,8.0,7.0,14.00375,0.0,0.0,8.0,11.0,7.0,13.812857142857142,0.0,15.5,2.8,-4.06,1
1.0,16.0,2.0,9147.0,1.0,1.0,139.0,1.0,38.0,37.0,9.0,9.0,123.7,1.0,0.0,0.0,1.0,0.0,1.0,22.0,0.0,0.0,5.0,8.0,4.0,12.0,0.0,0.0,5.0,8.0,4.0,11.4,2.0,16.2,0.3,-0.92,1
4.0,1.0,1.0,8014.0,0.0,1.0,133.1,1.0,39.0,19.0,4.0,10.0,143.0,1.0,0.0,0.0,1.0,0.0,1.0,47.0,0.0,0.0,6.0,9.0,5.0,14.166666666666666,0.0,0.0,6.0,7.0,6.0,14.166666666666666,0.0,16.2,0.3,-0.92,1
2.0,51.0,1.0,9991.0,0.0,1.0,127.0,1.0,37.0,37.0,8.0,4.0,100.1,0.0,0.0,0.0,1.0,0.0,0.0,31.0,0.0,1.0,5.0,5.0,5.0,14.0,0.0,0.0,5.0,5.0,5.0,13.8,0.0,8.9,1.4,3.51,1
1.0,1.0,1.0,9070.0,1.0,1.0,126.0,1.0,19.0,37.0,7.0,5.0,119.4,0.0,0.0,0.0,1.0,0.0,1.0,21.0,0.0,0.0,6.0,7.0,5.0,13.8,0.0,0.0,6.0,6.0,6.0,12.833333333333334,0.0,16.2,0.3,-0.92,1
1.0,1.0,1.0,8014.0,0.0,1.0,128.0,1.0,38.0,38.0,0.0,0.0,122.1,0.0,0.0,0.0,1.0,0.0,0.0,21.0,0.0,0.0,6.0,8.0,5.0,12.8,0.0,0.0,6.0,10.0,6.0,11.857142857142858,0.0,7.6,2.6,0.32,1
2.0,39.0,1.0,9773.0,1.0,12.0,100.0,1.0,1.0,1.0,4.0,4.0,100.0,0.0,0.0,0.0,1.0,0.0,0.0,24.0,0.0,0.0,6.0,6.0,6.0,12.166666666666666,0.0,0.0,6.0,6.0,6.0,13.833333333333334,0.0,7.6,2.6,0.32,1
1.0,39.0,1.0,8014.0,0.0,15.0,170.0,1.0,34.0,1.0,90.0,2.0,101.0,0.0,0.0,0.0,1.0,0.0,0.0,32.0,0.0,0.0,6.0,9.0,4.0,12.0,0.0,0.0,6.0,12.0,4.0,11.5,0.0,7.6,2.6,0.32,1
1.0,18.0,2.0,8014.0,0.0,1.0,117.0,1.0,3.0,1.0,3.0,4.0,111.8,1.0,0.0,0.0,1.0,0.0,1.0,19.0,0.0,0.0,6.0,8.0,6.0,10.833333333333334,0.0,0.0,6.0,9.0,6.0,11.5,0.0,10.8,1.4,1.74,1
1.0,39.0,1.0,9500.0,1.0,1.0,140.0,1.0,3.0,3.0,1.0,1.0,140.0,1.0,0.0,0.0,1.0,0.0,0.0,24.0,0.0,0.0,8.0,8.0,8.0,13.385,0.0,0.0,8.0,8.0,8.0,13.385,0.0,9.4,-0.8,-3.12,1
1.0,17.0,4.0,9085.0,1.0,1.0,123.0,1.0,19.0,19.0,4.0,10.0,124.4,1.0,0.0,0.0,1.0,0.0,0.0,19.0,0.0,0.0,6.0,14.0,6.0,15.666666666666666,0.0,0.0,6.0,9.0,6.0,14.5,0.0,15.5,2.8,-4.06,1
1.0,44.0,1.0,9003.0,1.0,39.0,150.0,1.0,19.0,37.0,6.0,6.0,150.0,0.0,0.0,1.0,1.0,0.0,1.0,19.0,0.0,0.0,6.0,9.0,6.0,14.333333333333334,0.0,0.0,6.0,7.0,6.0,13.833333333333334,0.0,13.9,-0.3,0.79,1
1.0,17.0,4.0,9238.0,1.0,1.0,123.0,1.0,19.0,19.0,191.0,144.0,116.0,1.0,0.0,0.0,1.0,0.0,1.0,18.0,0.0,0.0,6.0,9.0,6.0,11.666666666666666,0.0,0.0,6.0,8.0,6.0,11.666666666666666,0.0,8.9,1.4,3.51,1
1.0,1.0,1.0,9070.0,1.0,1.0,130.0,1.0,38.0,37.0,3.0,6.0,135.6,1.0,0.0,0.0,1.0,0.0,1.0,19.0,0.0,0.0,6.0,9.0,5.0,12.0,0.0,0.0,6.0,10.0,2.0,11.333333333333334,0.0,8.9,1.4,3.51,0
2.0,1.0,1.0,9500.0,1.0,1.0,137.0,1.0,3.0,38.0,2.0,4.0,121.0,0.0,0.0,0.0,1.0,0.0,1.0,19.0,0.0,0.0,8.0,8.0,7.0,14.725714285714288,0.0,0.0,8.0,8.0,7.0,14.725714285714288,0.0,10.8,1.4,1.74,1
1.0,17.0,2.0,9773.0,1.0,1.0,126.0,1.0,19.0,38.0,9.0,8.0,118.7,1.0,0.0,0.0,1.0,0.0,1.0,18.0,0.0,0.0,6.0,6.0,6.0,14.166666666666666,0.0,0.0,6.0,6.0,6.0,13.666666666666666,0.0,12.4,0.5,1.79,1
1.0,1.0,1.0,9238.0,1.0,1.0,125.0,1.0,1.0,1.0,3.0,3.0,125.7,1.0,0.0,0.0,1.0,0.0,0.0,18.0,0.0,0.0,6.0,10.0,6.0,11.571428571428571,0.0,0.0,6.0,8.0,6.0,12.333333333333334,0.0,12.4,0.5,1.79,1
1.0,17.0,4.0,9556.0,1.0,1.0,112.0,1.0,1.0,1.0,4.0,10.0,107.1,1.0,0.0,0.0,1.0,0.0,0.0,20.0,0.0,0.0,7.0,7.0,7.0,12.5,0.0,0.0,8.0,8.0,8.0,13.1375,0.0,12.4,0.5,1.79,1
1.0,1.0,1.0,9500.0,1.0,1.0,141.0,1.0,19.0,38.0,5.0,7.0,125.5,0.0,0.0,0.0,1.0,0.0,0.0,18.0,0.0,0.0,8.0,10.0,8.0,12.86,2.0,0.0,8.0,10.0,8.0,12.86,2.0,9.4,-0.8,-3.12,1
1.0,17.0,4.0,9670.0,1.0,1.0,135.0,1.0,38.0,38.0,9.0,7.0,127.0,1.0,0.0,0.0,1.0,0.0,0.0,18.0,0.0,0.0,6.0,10.0,6.0,12.25,0.0,0.0,6.0,9.0,6.0,13.714285714285714,0.0,11.1,0.6,2.02,1
1.0,1.0,2.0,9085.0,1.0,1.0,117.0,1.0,38.0,37.0,9.0,9.0,113.5,1.0,0.0,0.0,1.0,0.0,1.0,21.0,0.0,0.0,5.0,7.0,4.0,12.0,0.0,0.0,5.0,5.0,5.0,12.2,0.0,10.8,1.4,1.74,1
1.0,1.0,1.0,9500.0,1.0,1.0,160.0,1.0,19.0,19.0,4.0,9.0,154.4,0.0,0.0,0.0,1.0,0.0,1.0,18.0,0.0,0.0,7.0,9.0,7.0,15.116666666666667,0.0,0.0,8.0,9.0,8.0,16.168888888888887,0.0,15.5,2.8,-4.06,1
1.0,51.0,1.0,9670.0,1.0,1.0,136.0,1.0,19.0,19.0,5.0,5.0,122.0,0.0,0.0,1.0,0.0,0.0,0.0,18.0,0.0,0.0,5.0,6.0,2.0,12.5,0.0,0.0,5.0,6.0,4.0,10.25,0.0,9.4,-0.8,-3.12,0
1.0,17.0,2.0,9238.0,1.0,1.0,143.0,1.0,1.0,11.0,4.0,3.0,128.0,1.0,0.0,0.0,1.0,0.0,0.0,19.0,0.0,0.0,6.0,11.0,0.0,0.0,0.0,0.0,6.0,0.0,0.0,0.0,0.0,9.4,-0.8,-3.12,0
1.0,17.0,4.0,9670.0,1.0,1.0,120.0,1.0,1.0,19.0,5.0,5.0,117.2,1.0,0.0,0.0,1.0,0.0,0.0,18.0,0.0,0.0,6.0,8.0,6.0,11.875,0.0,0.0,6.0,11.0,4.0,14.6,0.0,11.1,0.6,2.02,1
1.0,39.0,1.0,9130.0,1.0,3.0,150.0,1.0,3.0,1.0,90.0,90.0,150.0,1.0,0.0,0.0,1.0,0.0,0.0,34.0,0.0,1.0,5.0,6.0,1.0,11.0,0.0,0.0,5.0,5.0,0.0,0.0,0.0,12.7,3.7,-1.7,0
1.0,1.0,3.0,9085.0,1.0,1.0,142.0,1.0,11.0,11.0,90.0,90.0,155.3,0.0,0.0,0.0,1.0,0.0,0.0,19.0,0.0,0.0,5.0,5.0,5.0,15.2,0.0,0.0,5.0,6.0,5.0,13.2,0.0,7.6,2.6,0.32,1
1.0,44.0,1.0,9130.0,1.0,39.0,120.0,1.0,37.0,37.0,7.0,8.0,120.0,1.0,0.0,1.0,0.0,0.0,0.0,19.0,0.0,2.0,6.0,7.0,5.0,11.6,0.0,1.0,6.0,12.0,2.0,11.0,0.0,12.4,0.5,1.79,0
1.0,51.0,1.0,9238.0,1.0,1.0,160.0,1.0,3.0,19.0,2.0,1.0,116.1,0.0,0.0,1.0,1.0,0.0,0.0,26.0,0.0,0.0,6.0,6.0,6.0,14.833333333333334,0.0,0.0,6.0,7.0,6.0,15.142857142857142,0.0,11.1,0.6,2.02,1
1.0,17.0,1.0,9853.0,1.0,1.0,133.1,1.0,34.0,34.0,0.0,0.0,118.9,1.0,0.0,0.0,1.0,0.0,0.0,21.0,0.0,0.0,6.0,12.0,3.0,11.333333333333334,0.0,0.0,6.0,10.0,3.0,11.333333333333334,0.0,7.6,2.6,0.32,0
1.0,17.0,2.0,9147.0,1.0,1.0,142.0,1.0,19.0,19.0,4.0,8.0,127.3,0.0,0.0,0.0,1.0,0.0,1.0,18.0,0.0,0.0,5.0,5.0,5.0,11.2,0.0,0.0,5.0,5.0,5.0,11.8,0.0,11.1,0.6,2.02,1
1.0,17.0,4.0,9853.0,1.0,1.0,121.0,1.0,38.0,38.0,5.0,7.0,113.7,1.0,0.0,0.0,1.0,0.0,1.0,20.0,0.0,0.0,6.0,8.0,5.0,13.4,0.0,0.0,6.0,9.0,5.0,13.666666666666666,0.0,9.4,-0.8,-3.12,1
1.0,51.0,1.0,9147.0,1.0,1.0,135.0,1.0,1.0,1.0,4.0,4.0,118.5,0.0,0.0,0.0,1.0,0.0,0.0,25.0,0.0,0.0,5.0,12.0,2.0,10.5,0.0,0.0,5.0,5.0,0.0,0.0,0.0,11.1,0.6,2.02,0
1.0,1.0,1.0,9147.0,1.0,1.0,153.0,1.0,1.0,38.0,4.0,3.0,146.7,0.0,0.0,0.0,1.0,0.0,0.0,18.0,0.0,0.0,5.0,5.0,5.0,16.2,0.0,0.0,5.0,5.0,5.0,16.4,0.0,11.1,0.6,2.02,1
1.0,1.0,1.0,9500.0,1.0,1.0,140.0,1.0,19.0,19.0,3.0,6.0,124.3,1.0,0.0,0.0,1.0,0.0,1.0,18.0,0.0,0.0,7.0,7.0,7.0,14.542857142857144,0.0,0.0,8.0,11.0,8.0,14.88181818181818,0.0,16.2,0.3,-0.92,1
1.0,1.0,1.0,9500.0,1.0,1.0,152.0,1.0,41.0,19.0,3.0,5.0,137.8,0.0,0.0,0.0,1.0,0.0,0.0,19.0,0.0,0.0,7.0,7.0,7.0,13.694285714285714,0.0,0.0,8.0,9.0,8.0,14.355555555555554,0.0,11.1,0.6,2.02,1
1.0,1.0,1.0,9238.0,1.0,1.0,120.0,1.0,19.0,38.0,5.0,9.0,130.2,0.0,0.0,0.0,1.0,0.0,1.0,18.0,0.0,0.0,6.0,8.0,6.0,11.285714285714286,0.0,0.0,6.0,10.0,6.0,11.857142857142858,0.0,12.4,0.5,1.79,1
1.0,7.0,1.0,9085.0,1.0,40.0,150.0,1.0,19.0,19.0,9.0,5.0,150.0,0.0,0.0,1.0,0.0,0.0,0.0,26.0,0.0,0.0,3.0,3.0,0.0,0.0,0.0,0.0,6.0,0.0,0.0,0.0,0.0,8.9,1.4,3.51,0
1.0,42.0,1.0,9500.0,1.0,1.0,100.0,1.0,37.0,37.0,7.0,9.0,100.0,1.0,0.0,0.0,1.0,0.0,1.0,19.0,0.0,0.0,8.0,8.0,7.0,13.058571428571428,0.0,0.0,8.0,8.0,7.0,13.058571428571428,0.0,10.8,1.4,1.74,1
1.0,1.0,1.0,9500.0,1.0,1.0,150.0,1.0,1.0,1.0,5.0,1.0,155.6,0.0,0.0,0.0,1.0,0.0,0.0,19.0,0.0,0.0,7.0,7.0,7.0,14.3,0.0,0.0,8.0,9.0,8.0,14.055555555555555,0.0,16.2,0.3,-0.92,1
1.0,43.0,4.0,9147.0,1.0,1.0,124.0,1.0,37.0,37.0,9.0,9.0,117.4,0.0,0.0,0.0,1.0,0.0,0.0,19.0,0.0,3.0,10.0,15.0,5.0,11.8,0.0,4.0,10.0,14.0,8.0,12.0,0.0,7.6,2.6,0.32,1
1.0,1.0,1.0,9254.0,1.0,1.0,121.0,1.0,19.0,19.0,5.0,8.0,117.5,1.0,0.0,0.0,1.0,0.0,0.0,18.0,0.0,0.0,6.0,7.0,6.0,10.571428571428571,0.0,0.0,6.0,11.0,3.0,11.666666666666666,0.0,16.2,0.3,-0.92,1
1.0,43.0,1.0,9500.0,1.0,6.0,134.0,1.0,1.0,37.0,9.0,9.0,120.4,1.0,0.0,0.0,1.0,0.0,0.0,19.0,0.0,0.0,7.0,7.0,6.0,13.333333333333334,0.0,0.0,7.0,7.0,6.0,13.333333333333334,0.0,7.6,2.6,0.32,1
1.0,1.0,1.0,9238.0,1.0,1.0,134.0,1.0,1.0,1.0,9.0,6.0,130.9,0.0,0.0,1.0,1.0,0.0,0.0,18.0,0.0,0.0,6.0,10.0,6.0,11.857142857142858,0.0,0.0,6.0,9.0,5.0,11.0,0.0,13.9,-0.3,0.79,1
1.0,44.0,1.0,9119.0,1.0,39.0,151.0,1.0,19.0,37.0,4.0,7.0,151.0,0.0,0.0,1.0,1.0,0.0,0.0,26.0,0.0,0.0,5.0,6.0,0.0,0.0,0.0,0.0,5.0,5.0,0.0,0.0,0.0,16.2,0.3,-0.92,0
1.0,1.0,1.0,9238.0,1.0,1.0,107.0,1.0,38.0,38.0,7.0,7.0,103.5,1.0,0.0,0.0,1.0,0.0,0.0,20.0,0.0,0.0,6.0,7.0,6.0,12.0,0.0,0.0,6.0,7.0,6.0,13.0,0.0,12.4,0.5,1.79,1
1.0,1.0,1.0,8014.0,0.0,1.0,126.0,1.0,37.0,38.0,9.0,10.0,119.4,0.0,0.0,0.0,1.0,0.0,0.0,19.0,0.0,0.0,6.0,6.0,6.0,12.666666666666666,0.0,0.0,6.0,6.0,6.0,11.666666666666666,0.0,12.7,3.7,-1.7,1
1.0,1.0,1.0,9238.0,1.0,1.0,133.0,1.0,34.0,37.0,4.0,9.0,134.4,1.0,0.0,0.0,1.0,0.0,1.0,18.0,0.0,0.0,6.0,6.0,6.0,12.166666666666666,0.0,0.0,6.0,9.0,6.0,13.666666666666666,0.0,9.4,-0.8,-3.12,1
1.0,44.0,1.0,9238.0,1.0,39.0,140.0,1.0,38.0,37.0,7.0,7.0,143.0,0.0,0.0,0.0,1.0,0.0,0.0,19.0,0.0,3.0,6.0,6.0,6.0,13.333333333333334,0.0,2.0,6.0,6.0,6.0,14.666666666666666,0.0,13.9,-0.3,0.79,1
1.0,7.0,1.0,9853.0,1.0,40.0,110.0,1.0,41.0,3.0,2.0,1.0,110.0,0.0,0.0,1.0,1.0,0.0,0.0,40.0,0.0,0.0,7.0,8.0,7.0,15.0,0.0,0.0,7.0,7.0,7.0,14.571428571428571,0.0,12.4,0.5,1.79,1
1.0,1.0,4.0,9500.0,1.0,1.0,141.0,1.0,38.0,38.0,7.0,7.0,132.5,1.0,0.0,0.0,1.0,0.0,1.0,18.0,0.0,0.0,8.0,8.0,8.0,13.39125,0.0,0.0,8.0,8.0,8.0,13.39125,0.0,9.4,-0.8,-3.12,1
1.0,17.0,1.0,9238.0,1.0,1.0,122.0,1.0,3.0,1.0,9.0,10.0,114.7,0.0,0.0,0.0,1.0,0.0,0.0,19.0,0.0,0.0,6.0,9.0,5.0,12.166666666666666,0.0,0.0,6.0,8.0,6.0,12.428571428571429,0.0,13.9,-0.3,0.79,1
1.0,17.0,1.0,9130.0,1.0,1.0,156.0,1.0,2.0,9.0,3.0,5.0,166.9,0.0,0.0,0.0,1.0,0.0,0.0,18.0,0.0,0.0,5.0,9.0,4.0,11.25,0.0,0.0,5.0,6.0,4.0,12.5,0.0,7.6,2.6,0.32,1
1.0,1.0,1.0,171.0,1.0,1.0,188.0,1.0,3.0,3.0,2.0,2.0,178.3,1.0,0.0,0.0,1.0,0.0,0.0,18.0,0.0,0.0,0.0,0.0,0.0,0.0,0.0,0.0,0.0,0.0,0.0,0.0,0.0,15.5,2.8,-4.06,0
2.0,39.0,1.0,8014.0,0.0,1.0,120.0,1.0,37.0,37.0,9.0,9.0,117.0,1.0,0.0,0.0,1.0,0.0,0.0,33.0,0.0,0.0,6.0,7.0,6.0,12.833333333333334,0.0,0.0,6.0,8.0,6.0,12.857142857142858,0.0,12.4,0.5,1.79,1
1.0,39.0,1.0,9003.0,1.0,3.0,130.0,1.0,3.0,3.0,1.0,2.0,150.0,0.0,0.0,0.0,1.0,0.0,0.0,35.0,0.0,0.0,6.0,10.0,6.0,14.0,0.0,0.0,6.0,11.0,6.0,13.1,0.0,16.2,0.3,-0.92,1
1.0,1.0,1.0,9773.0,1.0,1.0,140.0,1.0,19.0,19.0,7.0,5.0,135.1,1.0,0.0,0.0,1.0,0.0,0.0,18.0,0.0,0.0,6.0,7.0,6.0,13.5,0.0,0.0,6.0,8.0,6.0,12.5,0.0,9.4,-0.8,-3.12,1
4.0,39.0,1.0,9991.0,0.0,1.0,133.1,1.0,37.0,37.0,6.0,6.0,136.2,0.0,0.0,0.0,1.0,0.0,0.0,39.0,0.0,0.0,5.0,6.0,5.0,11.0,0.0,0.0,5.0,9.0,5.0,11.666666666666666,0.0,10.8,1.4,1.74,1
2.0,39.0,1.0,9238.0,1.0,1.0,120.0,1.0,37.0,37.0,9.0,9.0,116.0,0.0,0.0,0.0,1.0,0.0,0.0,44.0,0.0,0.0,6.0,8.0,6.0,13.0,0.0,0.0,6.0,6.0,6.0,13.833333333333334,0.0,12.7,3.7,-1.7,1
1.0,1.0,1.0,9254.0,1.0,1.0,117.0,1.0,19.0,19.0,9.0,9.0,116.3,1.0,0.0,0.0,1.0,0.0,0.0,24.0,0.0,0.0,6.0,9.0,4.0,12.6,0.0,0.0,6.0,6.0,4.0,11.5,0.0,12.7,3.7,-1.7,0
1.0,43.0,1.0,9773.0,1.0,1.0,123.0,1.0,19.0,19.0,9.0,8.0,134.0,0.0,0.0,0.0,1.0,0.0,1.0,20.0,0.0,0.0,6.0,6.0,6.0,13.666666666666666,0.0,0.0,6.0,6.0,6.0,13.333333333333334,0.0,12.4,0.5,1.79,1
1.0,1.0,4.0,171.0,1.0,1.0,127.0,1.0,1.0,1.0,9.0,5.0,124.2,1.0,0.0,0.0,0.0,0.0,0.0,19.0,0.0,0.0,0.0,0.0,0.0,0.0,0.0,0.0,0.0,0.0,0.0,0.0,0.0,9.4,-0.8,-3.12,0
2.0,1.0,1.0,9500.0,1.0,1.0,151.0,1.0,37.0,38.0,9.0,7.0,134.5,0.0,0.0,1.0,1.0,0.0,1.0,18.0,0.0,0.0,7.0,7.0,6.0,14.2,0.0,0.0,7.0,7.0,6.0,14.2,0.0,7.6,2.6,0.32,1
1.0,1.0,1.0,9254.0,1.0,1.0,127.0,1.0,19.0,19.0,4.0,6.0,120.7,0.0,0.0,1.0,0.0,0.0,0.0,22.0,0.0,0.0,6.0,10.0,5.0,11.0,0.0,0.0,6.0,12.0,0.0,0.0,0.0,10.8,1.4,1.74,0
1.0,17.0,1.0,9085.0,1.0,1.0,133.0,1.0,19.0,1.0,4.0,5.0,127.1,1.0,0.0,0.0,1.0,0.0,0.0,18.0,0.0,0.0,6.0,7.0,6.0,15.0,0.0,0.0,6.0,7.0,6.0,16.428571428571427,0.0,11.1,0.6,2.02,1
1.0,39.0,1.0,9500.0,1.0,19.0,133.1,1.0,38.0,37.0,9.0,9.0,133.0,0.0,0.0,0.0,1.0,0.0,0.0,24.0,0.0,0.0,7.0,9.0,6.0,12.585714285714284,0.0,0.0,8.0,9.0,7.0,13.44285714285714,0.0,13.9,-0.3,0.79,1
1.0,39.0,1.0,9991.0,0.0,1.0,133.1,1.0,37.0,37.0,90.0,8.0,128.2,0.0,0.0,0.0,1.0,0.0,0.0,33.0,0.0,0.0,5.0,0.0,0.0,0.0,0.0,0.0,5.0,0.0,0.0,0.0,0.0,12.7,3.7,-1.7,0
1.0,39.0,1.0,9085.0,1.0,43.0,160.0,1.0,3.0,39.0,2.0,3.0,172.0,0.0,0.0,0.0,1.0,0.0,0.0,26.0,0.0,0.0,6.0,0.0,0.0,0.0,0.0,0.0,6.0,0.0,0.0,0.0,0.0,8.9,1.4,3.51,0
1.0,17.0,4.0,9853.0,1.0,1.0,140.0,1.0,19.0,38.0,4.0,1.0,128.5,1.0,0.0,0.0,1.0,0.0,0.0,18.0,0.0,0.0,6.0,7.0,6.0,11.666666666666666,0.0,0.0,6.0,10.0,6.0,11.833333333333334,0.0,10.8,1.4,1.74,1
1.0,1.0,1.0,9773.0,1.0,1.0,146.0,1.0,37.0,38.0,9.0,7.0,128.5,0.0,0.0,1.0,1.0,0.0,0.0,19.0,0.0,0.0,6.0,13.0,3.0,12.666666666666666,0.0,0.0,6.0,12.0,2.0,10.0,0.0,10.8,1.4,1.74,0
1.0,53.0,1.0,9085.0,1.0,42.0,140.0,1.0,19.0,37.0,9.0,8.0,142.5,1.0,0.0,0.0,1.0,0.0,1.0,22.0,0.0,7.0,11.0,18.0,8.0,13.5,0.0,4.0,9.0,16.0,7.0,13.714285714285714,0.0,8.9,1.4,3.51,1
1.0,1.0,1.0,9085.0,1.0,1.0,133.1,1.0,37.0,38.0,7.0,5.0,106.0,1.0,0.0,0.0,1.0,0.0,1.0,21.0,0.0,0.0,6.0,13.0,6.0,16.153846153846153,0.0,0.0,6.0,10.0,6.0,15.75,0.0,15.5,2.8,-4.06,1
1.0,1.0,4.0,9500.0,1.0,1.0,136.0,1.0,19.0,38.0,4.0,8.0,125.5,1.0,0.0,0.0,1.0,0.0,1.0,21.0,0.0,0.0,7.0,7.0,6.0,14.033333333333331,0.0,0.0,7.0,7.0,6.0,14.033333333333331,0.0,7.6,2.6,0.32,1
1.0,1.0,1.0,9853.0,1.0,1.0,122.0,1.0,38.0,37.0,191.0,195.0,112.9,1.0,0.0,0.0,1.0,0.0,1.0,19.0,0.0,0.0,7.0,8.0,7.0,13.857142857142858,0.0,0.0,7.0,8.0,6.0,13.666666666666666,0.0,8.9,1.4,3.51,1
1.0,1.0,6.0,9500.0,1.0,1.0,138.0,1.0,19.0,19.0,9.0,5.0,124.8,1.0,0.0,0.0,1.0,0.0,0.0,18.0,0.0,0.0,8.0,8.0,7.0,13.414285714285716,0.0,0.0,8.0,8.0,7.0,13.414285714285716,0.0,12.7,3.7,-1.7,0
2.0,43.0,1.0,8014.0,0.0,1.0,160.0,1.0,37.0,39.0,9.0,4.0,140.9,0.0,0.0,0.0,1.0,0.0,0.0,50.0,0.0,7.0,11.0,11.0,11.0,13.545454545454543,0.0,3.0,7.0,7.0,7.0,13.571428571428571,0.0,16.2,0.3,-0.92,1
1.0,17.0,1.0,9773.0,1.0,1.0,161.0,1.0,1.0,19.0,4.0,7.0,148.4,0.0,0.0,0.0,1.0,0.0,1.0,19.0,0.0,0.0,6.0,6.0,6.0,13.833333333333334,0.0,0.0,6.0,7.0,6.0,14.428571428571429,0.0,15.5,2.8,-4.06,1
4.0,39.0,1.0,9991.0,0.0,1.0,140.0,1.0,1.0,37.0,141.0,192.0,129.7,0.0,0.0,0.0,1.0,0.0,0.0,35.0,0.0,0.0,5.0,8.0,5.0,12.0,0.0,0.0,5.0,9.0,5.0,12.857142857142858,0.0,13.9,-0.3,0.79,1
2.0,39.0,1.0,9085.0,1.0,19.0,133.1,1.0,38.0,38.0,4.0,7.0,128.2,0.0,0.0,0.0,1.0,0.0,0.0,31.0,0.0,0.0,6.0,0.0,0.0,0.0,0.0,0.0,6.0,0.0,0.0,0.0,0.0,12.7,3.7,-1.7,0
1.0,18.0,4.0,9147.0,1.0,1.0,130.0,1.0,37.0,37.0,9.0,9.0,119.9,1.0,0.0,0.0,0.0,0.0,0.0,34.0,0.0,0.0,5.0,5.0,0.0,0.0,0.0,0.0,5.0,0.0,0.0,0.0,0.0,9.4,-0.8,-3.12,0
1.0,1.0,1.0,9500.0,1.0,1.0,152.0,1.0,1.0,1.0,4.0,4.0,141.0,1.0,0.0,0.0,1.0,0.0,1.0,18.0,0.0,0.0,7.0,7.0,7.0,15.135714285714286,0.0,0.0,8.0,8.0,8.0,15.287499999999998,0.0,12.4,0.5,1.79,1
4.0,39.0,1.0,9500.0,1.0,19.0,133.1,1.0,38.0,19.0,5.0,7.0,140.0,0.0,0.0,0.0,1.0,0.0,1.0,26.0,0.0,0.0,7.0,13.0,5.0,12.74,0.0,0.0,8.0,12.0,6.0,10.978571428571428,0.0,16.2,0.3,-0.92,0
1.0,1.0,1.0,9853.0,1.0,1.0,125.0,1.0,19.0,19.0,5.0,5.0,117.0,0.0,0.0,0.0,1.0,0.0,1.0,19.0,0.0,0.0,6.0,7.0,6.0,13.428571428571429,0.0,0.0,6.0,6.0,6.0,13.166666666666666,0.0,15.5,2.8,-4.06,1
1.0,53.0,1.0,9147.0,1.0,42.0,140.0,1.0,3.0,4.0,2.0,1.0,140.2,0.0,0.0,0.0,1.0,0.0,0.0,20.0,0.0,6.0,11.0,19.0,9.0,12.555555555555555,0.0,3.0,9.0,14.0,8.0,11.11111111111111,0.0,8.9,1.4,3.51,1
1.0,1.0,1.0,9238.0,1.0,1.0,124.0,1.0,34.0,34.0,0.0,0.0,129.3,0.0,0.0,0.0,1.0,0.0,0.0,19.0,0.0,0.0,6.0,8.0,6.0,11.5,0.0,0.0,6.0,7.0,6.0,11.166666666666666,0.0,7.6,2.6,0.32,1
1.0,1.0,1.0,9853.0,1.0,1.0,140.0,1.0,37.0,37.0,9.0,9.0,145.3,0.0,0.0,0.0,1.0,0.0,0.0,18.0,0.0,0.0,6.0,6.0,6.0,13.666666666666666,0.0,0.0,6.0,9.0,6.0,12.333333333333334,0.0,7.6,2.6,0.32,1
1.0,39.0,1.0,9991.0,0.0,3.0,130.0,1.0,37.0,37.0,9.0,9.0,146.2,0.0,0.0,0.0,1.0,0.0,0.0,28.0,0.0,10.0,14.0,16.0,11.0,11.272727272727272,0.0,6.0,11.0,16.0,10.0,12.0,0.0,10.8,1.4,1.74,1
1.0,44.0,1.0,8014.0,0.0,39.0,160.0,1.0,37.0,37.0,7.0,7.0,156.1,0.0,0.0,0.0,1.0,0.0,1.0,21.0,0.0,3.0,6.0,6.0,6.0,14.666666666666666,0.0,2.0,6.0,6.0,6.0,14.166666666666666,0.0,13.9,-0.3,0.79,1
1.0,1.0,6.0,9773.0,1.0,1.0,141.0,1.0,30.0,37.0,7.0,7.0,128.4,1.0,0.0,1.0,0.0,0.0,0.0,18.0,0.0,0.0,6.0,8.0,5.0,13.0,0.0,0.0,6.0,8.0,5.0,11.4,0.0,7.6,2.6,0.32,0
1.0,17.0,2.0,9085.0,1.0,1.0,120.0,1.0,1.0,1.0,9.0,10.0,115.0,0.0,0.0,0.0,0.0,0.0,0.0,20.0,0.0,0.0,5.0,8.0,2.0,10.5,0.0,0.0,5.0,8.0,2.0,12.333333333333334,0.0,7.6,2.6,0.32,0
1.0,17.0,2.0,9085.0,1.0,1.0,166.0,1.0,1.0,19.0,4.0,3.0,158.7,0.0,0.0,0.0,1.0,0.0,0.0,18.0,0.0,0.0,6.0,7.0,6.0,14.857142857142858,0.0,0.0,6.0,7.0,6.0,14.0,0.0,11.1,0.6,2.02,1
1.0,1.0,4.0,9500.0,1.0,1.0,147.0,1.0,1.0,1.0,4.0,9.0,124.5,1.0,0.0,0.0,1.0,0.0,1.0,19.0,0.0,0.0,8.0,11.0,7.0,12.86,0.0,0.0,8.0,11.0,7.0,12.86,0.0,10.8,1.4,1.74,1
1.0,51.0,1.0,9238.0,1.0,1.0,121.0,1.0,3.0,19.0,3.0,10.0,111.9,1.0,0.0,0.0,1.0,0.0,0.0,20.0,0.0,5.0,11.0,12.0,11.0,11.727272727272728,0.0,5.0,11.0,14.0,11.0,12.0,0.0,12.4,0.5,1.79,1
1.0,44.0,1.0,9085.0,1.0,39.0,150.0,1.0,38.0,37.0,4.0,6.0,150.0,1.0,0.0,0.0,1.0,0.0,1.0,22.0,0.0,3.0,6.0,11.0,6.0,13.142857142857142,0.0,2.0,6.0,10.0,3.0,12.0,0.0,13.9,-0.3,0.79,1
1.0,17.0,1.0,9670.0,1.0,1.0,124.0,1.0,37.0,19.0,5.0,8.0,114.2,1.0,0.0,1.0,1.0,0.0,0.0,18.0,0.0,0.0,6.0,6.0,5.0,11.8,0.0,0.0,6.0,9.0,4.0,13.714285714285714,0.0,10.8,1.4,1.74,0
1.0,17.0,1.0,9147.0,1.0,1.0,96.0,1.0,38.0,37.0,6.0,4.0,96.0,1.0,0.0,0.0,1.0,0.0,0.0,19.0,0.0,0.0,5.0,10.0,3.0,10.666666666666666,0.0,0.0,5.0,9.0,0.0,0.0,3.0,16.2,0.3,-0.92,0
1.0,17.0,1.0,9500.0,1.0,1.0,142.0,1.0,37.0,37.0,5.0,5.0,131.3,1.0,0.0,0.0,1.0,0.0,0.0,19.0,0.0,0.0,8.0,8.0,7.0,14.731428571428571,0.0,0.0,8.0,8.0,7.0,14.731428571428571,0.0,10.8,1.4,1.74,1
1.0,1.0,1.0,171.0,1.0,1.0,135.0,1.0,1.0,19.0,3.0,9.0,137.1,1.0,0.0,0.0,1.0,0.0,0.0,18.0,0.0,0.0,0.0,0.0,0.0,0.0,0.0,0.0,0.0,0.0,0.0,0.0,0.0,12.7,3.7,-1.7,1
1.0,7.0,1.0,9070.0,1.0,40.0,120.0,1.0,1.0,19.0,3.0,9.0,120.0,1.0,0.0,0.0,1.0,0.0,0.0,21.0,0.0,9.0,13.0,14.0,13.0,13.615384615384617,1.0,6.0,12.0,12.0,12.0,14.25,0.0,13.9,-0.3,0.79,1
1.0,39.0,1.0,9991.0,0.0,40.0,140.0,1.0,1.0,19.0,9.0,9.0,139.0,0.0,0.0,0.0,1.0,0.0,0.0,27.0,0.0,0.0,5.0,5.0,5.0,15.8,0.0,0.0,5.0,5.0,5.0,14.8,0.0,8.9,1.4,3.51,1
1.0,17.0,1.0,9238.0,1.0,1.0,135.0,1.0,1.0,19.0,4.0,4.0,129.1,0.0,0.0,0.0,1.0,0.0,0.0,19.0,0.0,0.0,6.0,6.0,6.0,14.666666666666666,0.0,0.0,6.0,7.0,6.0,14.571428571428571,0.0,15.5,2.8,-4.06,1
4.0,39.0,1.0,9085.0,1.0,1.0,133.1,1.0,34.0,34.0,0.0,0.0,128.2,0.0,0.0,0.0,1.0,0.0,0.0,25.0,0.0,0.0,5.0,5.0,0.0,0.0,0.0,0.0,5.0,5.0,0.0,0.0,0.0,7.6,2.6,0.32,0
1.0,1.0,2.0,9500.0,1.0,1.0,137.0,1.0,19.0,19.0,7.0,7.0,120.8,1.0,0.0,0.0,1.0,0.0,1.0,18.0,0.0,0.0,8.0,8.0,7.0,14.654285714285717,0.0,0.0,8.0,8.0,7.0,14.654285714285717,0.0,10.8,1.4,1.74,1
1.0,39.0,1.0,9500.0,1.0,3.0,122.0,1.0,19.0,1.0,4.0,8.0,135.8,0.0,0.0,0.0,1.0,0.0,0.0,24.0,0.0,0.0,8.0,8.0,7.0,12.401428571428571,0.0,0.0,8.0,8.0,7.0,12.401428571428571,0.0,10.8,1.4,1.74,1
1.0,1.0,3.0,9500.0,1.0,1.0,128.0,1.0,1.0,1.0,4.0,10.0,118.9,1.0,0.0,0.0,1.0,0.0,0.0,20.0,0.0,0.0,7.0,8.0,7.0,11.5875,0.0,0.0,8.0,9.0,7.0,14.071428571428571,0.0,13.9,-0.3,0.79,1
1.0,7.0,1.0,9991.0,0.0,40.0,140.0,1.0,37.0,37.0,6.0,6.0,140.0,0.0,0.0,0.0,1.0,0.0,0.0,26.0,0.0,3.0,5.0,5.0,5.0,14.0,0.0,1.0,5.0,5.0,5.0,15.6,0.0,12.4,0.5,1.79,1
1.0,1.0,1.0,9238.0,1.0,1.0,132.0,1.0,1.0,38.0,9.0,7.0,127.1,1.0,0.0,0.0,1.0,0.0,1.0,20.0,0.0,0.0,6.0,9.0,6.0,12.333333333333334,0.0,0.0,6.0,6.0,6.0,11.833333333333334,0.0,8.9,1.4,3.51,1
1.0,1.0,1.0,9085.0,1.0,1.0,131.0,1.0,37.0,37.0,90.0,90.0,137.0,0.0,0.0,0.0,1.0,0.0,0.0,18.0,0.0,0.0,5.0,5.0,5.0,14.0,0.0,0.0,5.0,6.0,5.0,15.4,0.0,7.6,2.6,0.32,1
1.0,1.0,1.0,9085.0,1.0,1.0,126.0,1.0,1.0,1.0,9.0,9.0,127.4,1.0,0.0,0.0,1.0,0.0,0.0,19.0,0.0,0.0,6.0,13.0,6.0,15.23076923076923,0.0,0.0,6.0,10.0,6.0,12.375,0.0,15.5,2.8,-4.06,1
1.0,1.0,1.0,9853.0,1.0,1.0,133.1,1.0,19.0,19.0,9.0,9.0,97.0,1.0,0.0,0.0,1.0,0.0,0.0,23.0,0.0,0.0,6.0,9.0,5.0,11.6,0.0,0.0,6.0,9.0,3.0,11.0,0.0,12.7,3.7,-1.7,0
1.0,1.0,4.0,9500.0,1.0,1.0,136.0,1.0,37.0,37.0,9.0,9.0,126.3,1.0,0.0,0.0,1.0,0.0,1.0,18.0,0.0,0.0,7.0,7.0,6.0,11.6,0.0,0.0,7.0,7.0,6.0,11.6,0.0,7.6,2.6,0.32,1
1.0,1.0,4.0,9500.0,1.0,1.0,140.0,1.0,1.0,19.0,4.0,5.0,127.5,0.0,0.0,0.0,1.0,0.0,0.0,18.0,0.0,0.0,7.0,0.0,0.0,0.0,0.0,0.0,8.0,0.0,0.0,0.0,0.0,12.7,3.7,-1.7,0
1.0,1.0,1.0,9500.0,1.0,1.0,135.0,1.0,2.0,1.0,2.0,8.0,126.6,0.0,0.0,0.0,1.0,0.0,1.0,19.0,0.0,0.0,7.0,7.0,7.0,12.901428571428571,0.0,0.0,8.0,9.0,8.0,13.094444444444443,0.0,11.1,0.6,2.02,1
1.0,42.0,1.0,9991.0,0.0,1.0,160.0,1.0,1.0,2.0,4.0,3.0,120.0,0.0,0.0,0.0,1.0,0.0,0.0,30.0,0.0,4.0,7.0,9.0,7.0,14.142857142857142,0.0,1.0,5.0,5.0,5.0,14.8,0.0,7.6,2.6,0.32,1
1.0,44.0,1.0,9085.0,1.0,39.0,140.0,1.0,1.0,2.0,4.0,6.0,140.0,1.0,0.0,0.0,1.0,0.0,0.0,29.0,0.0,0.0,6.0,0.0,0.0,0.0,0.0,0.0,6.0,0.0,0.0,0.0,0.0,15.5,2.8,-4.06,0
1.0,1.0,6.0,9500.0,1.0,1.0,140.0,1.0,3.0,1.0,3.0,3.0,131.5,1.0,0.0,0.0,1.0,0.0,0.0,19.0,0.0,0.0,8.0,8.0,8.0,13.25375,0.0,0.0,8.0,8.0,8.0,13.25375,0.0,9.4,-0.8,-3.12,1
1.0,17.0,6.0,9556.0,1.0,1.0,115.0,1.0,19.0,2.0,5.0,3.0,112.2,1.0,0.0,0.0,1.0,0.0,0.0,20.0,0.0,0.0,7.0,7.0,7.0,13.785714285714286,0.0,0.0,8.0,8.0,8.0,14.1,0.0,12.4,0.5,1.79,1
1.0,1.0,1.0,9500.0,1.0,1.0,144.0,1.0,37.0,37.0,9.0,3.0,150.5,0.0,0.0,0.0,1.0,0.0,0.0,20.0,0.0,0.0,7.0,7.0,6.0,13.916666666666666,0.0,0.0,7.0,7.0,6.0,13.916666666666666,0.0,7.6,2.6,0.32,1
1.0,1.0,4.0,9670.0,1.0,1.0,128.0,1.0,38.0,38.0,3.0,7.0,121.0,1.0,0.0,0.0,1.0,0.0,0.0,19.0,0.0,0.0,6.0,8.0,6.0,13.5,0.0,0.0,6.0,9.0,6.0,13.571428571428571,0.0,11.1,0.6,2.02,1
3.0,1.0,2.0,9085.0,1.0,1.0,135.0,1.0,19.0,1.0,4.0,4.0,129.4,1.0,0.0,0.0,1.0,0.0,0.0,21.0,0.0,0.0,5.0,8.0,0.0,0.0,4.0,0.0,5.0,12.0,0.0,0.0,4.0,10.8,1.4,1.74,0
1.0,17.0,1.0,9670.0,1.0,1.0,121.0,1.0,19.0,38.0,4.0,10.0,114.4,0.0,0.0,0.0,1.0,0.0,0.0,19.0,0.0,0.0,6.0,10.0,5.0,11.5,0.0,0.0,6.0,9.0,4.0,14.6,0.0,11.1,0.6,2.02,1
1.0,1.0,3.0,9500.0,1.0,1.0,134.0,1.0,37.0,38.0,9.0,9.0,120.3,1.0,0.0,0.0,1.0,0.0,1.0,18.0,0.0,0.0,8.0,8.0,7.0,12.082857142857142,0.0,0.0,8.0,8.0,7.0,12.082857142857142,0.0,10.8,1.4,1.74,1
1.0,39.0,1.0,8014.0,0.0,1.0,120.0,1.0,37.0,37.0,7.0,8.0,120.0,0.0,0.0,0.0,1.0,0.0,1.0,27.0,0.0,0.0,6.0,8.0,6.0,11.833333333333334,0.0,0.0,6.0,10.0,5.0,12.8,0.0,15.5,2.8,-4.06,1
1.0,17.0,2.0,9147.0,1.0,1.0,125.0,1.0,38.0,38.0,6.0,8.0,114.5,1.0,0.0,0.0,1.0,0.0,1.0,19.0,0.0,0.0,5.0,6.0,5.0,13.4,0.0,0.0,5.0,5.0,5.0,12.4,0.0,12.4,0.5,1.79,1
1.0,1.0,1.0,9500.0,1.0,1.0,141.0,1.0,1.0,1.0,90.0,3.0,127.8,0.0,0.0,0.0,1.0,0.0,1.0,19.0,0.0,0.0,7.0,7.0,0.0,0.0,2.0,0.0,7.0,7.0,0.0,0.0,2.0,7.6,2.6,0.32,0
1.0,1.0,1.0,9773.0,1.0,1.0,140.0,1.0,1.0,19.0,4.0,8.0,124.6,1.0,0.0,0.0,1.0,0.0,0.0,19.0,0.0,0.0,6.0,7.0,5.0,14.2,0.0,0.0,6.0,7.0,6.0,14.571428571428571,0.0,15.5,2.8,-4.06,1
1.0,1.0,6.0,9500.0,1.0,1.0,144.0,1.0,19.0,19.0,5.0,5.0,130.3,1.0,0.0,0.0,1.0,0.0,1.0,18.0,0.0,0.0,8.0,8.0,7.0,13.814285714285717,0.0,0.0,8.0,8.0,7.0,13.814285714285717,0.0,12.7,3.7,-1.7,1
1.0,1.0,1.0,9670.0,1.0,1.0,130.0,1.0,19.0,37.0,4.0,5.0,118.8,0.0,0.0,0.0,1.0,0.0,1.0,18.0,0.0,0.0,6.0,6.0,6.0,14.5,0.0,0.0,6.0,8.0,6.0,13.666666666666666,0.0,12.7,3.7,-1.7,1
1.0,1.0,5.0,9670.0,1.0,1.0,133.1,1.0,9.0,1.0,2.0,4.0,133.0,1.0,0.0,0.0,1.0,0.0,0.0,19.0,0.0,0.0,6.0,0.0,0.0,0.0,0.0,0.0,6.0,0.0,0.0,0.0,0.0,7.6,2.6,0.32,0
2.0,39.0,1.0,9500.0,1.0,19.0,133.1,1.0,37.0,37.0,9.0,9.0,129.0,1.0,0.0,0.0,1.0,0.0,0.0,36.0,0.0,0.0,7.0,7.0,6.0,11.3,0.0,0.0,7.0,7.0,6.0,11.3,0.0,7.6,2.6,0.32,1
1.0,17.0,6.0,9500.0,1.0,1.0,136.0,1.0,19.0,38.0,9.0,3.0,132.5,1.0,0.0,0.0,1.0,0.0,0.0,19.0,0.0,0.0,8.0,9.0,7.0,12.3,0.0,0.0,8.0,9.0,7.0,12.3,0.0,12.7,3.7,-1.7,1
1.0,1.0,5.0,9500.0,1.0,1.0,127.0,1.0,19.0,19.0,7.0,8.0,120.3,1.0,0.0,0.0,1.0,0.0,1.0,18.0,0.0,0.0,8.0,8.0,7.0,12.694285714285714,0.0,0.0,8.0,8.0,7.0,12.694285714285714,0.0,10.8,1.4,1.74,1
1.0,17.0,1.0,9670.0,1.0,1.0,123.0,1.0,19.0,19.0,1.0,1.0,114.6,0.0,0.0,0.0,1.0,0.0,0.0,18.0,0.0,0.0,5.0,5.0,4.0,11.0,0.0,0.0,5.0,5.0,4.0,11.0,0.0,9.4,-0.8,-3.12,1
1.0,1.0,1.0,9238.0,1.0,1.0,128.0,1.0,37.0,19.0,9.0,3.0,116.5,1.0,0.0,0.0,1.0,0.0,1.0,19.0,0.0,0.0,6.0,6.0,6.0,13.0,0.0,0.0,6.0,6.0,6.0,14.166666666666666,0.0,12.4,0.5,1.79,1
1.0,1.0,1.0,9500.0,1.0,1.0,128.0,1.0,3.0,1.0,2.0,1.0,127.8,0.0,0.0,0.0,1.0,0.0,1.0,19.0,0.0,0.0,7.0,8.0,7.0,14.4125,0.0,0.0,8.0,8.0,8.0,16.05,0.0,13.9,-0.3,0.79,1
1.0,1.0,2.0,9500.0,1.0,1.0,140.0,1.0,1.0,19.0,7.0,7.0,129.9,1.0,0.0,0.0,1.0,0.0,0.0,18.0,0.0,0.0,7.0,8.0,7.0,12.92875,0.0,0.0,8.0,8.0,8.0,14.0625,0.0,15.5,2.8,-4.06,0
1.0,1.0,2.0,9773.0,1.0,1.0,121.0,1.0,1.0,19.0,9.0,7.0,118.9,1.0,0.0,0.0,1.0,0.0,0.0,20.0,0.0,0.0,6.0,6.0,6.0,13.333333333333334,0.0,0.0,6.0,10.0,5.0,12.8,0.0,11.1,0.6,2.02,1
1.0,18.0,1.0,9500.0,1.0,1.0,126.0,1.0,38.0,37.0,5.0,5.0,114.8,1.0,0.0,0.0,1.0,0.0,0.0,20.0,0.0,0.0,8.0,8.0,7.0,14.402857142857142,0.0,0.0,8.0,8.0,7.0,14.402857142857142,0.0,10.8,1.4,1.74,1
1.0,1.0,4.0,9500.0,1.0,1.0,135.0,1.0,37.0,37.0,9.0,8.0,123.0,1.0,0.0,0.0,1.0,0.0,1.0,18.0,0.0,0.0,8.0,8.0,7.0,13.381428571428572,0.0,0.0,8.0,8.0,7.0,13.381428571428572,0.0,10.8,1.4,1.74,1
1.0,1.0,2.0,9500.0,1.0,1.0,131.0,1.0,19.0,19.0,7.0,5.0,122.1,1.0,0.0,0.0,1.0,0.0,0.0,18.0,0.0,0.0,7.0,8.0,7.0,14.13125,0.0,0.0,8.0,8.0,8.0,13.98375,0.0,15.5,2.8,-4.06,1
1.0,17.0,4.0,9085.0,1.0,1.0,140.0,1.0,19.0,37.0,4.0,7.0,123.7,0.0,0.0,0.0,1.0,0.0,0.0,19.0,0.0,0.0,5.0,11.0,5.0,11.714285714285714,2.0,0.0,5.0,6.0,5.0,12.6,0.0,9.4,-0.8,-3.12,1
2.0,39.0,1.0,8014.0,0.0,1.0,130.0,1.0,34.0,34.0,99.0,99.0,114.8,0.0,0.0,0.0,1.0,0.0,0.0,44.0,0.0,0.0,6.0,9.0,6.0,11.166666666666666,0.0,1.0,6.0,15.0,2.0,11.0,1.0,7.6,2.6,0.32,1
1.0,7.0,1.0,9003.0,1.0,3.0,130.0,1.0,38.0,37.0,5.0,6.0,130.0,0.0,0.0,0.0,1.0,0.0,0.0,32.0,0.0,0.0,6.0,7.0,0.0,0.0,0.0,0.0,6.0,6.0,0.0,0.0,0.0,12.4,0.5,1.79,0
1.0,43.0,1.0,9853.0,1.0,1.0,140.0,1.0,37.0,19.0,9.0,8.0,122.3,0.0,0.0,0.0,1.0,0.0,0.0,22.0,0.0,0.0,6.0,9.0,5.0,13.6,0.0,0.0,6.0,8.0,5.0,12.0,0.0,12.7,3.7,-1.7,0
2.0,39.0,1.0,9003.0,1.0,1.0,130.0,1.0,1.0,19.0,4.0,9.0,152.4,1.0,0.0,0.0,1.0,0.0,0.0,36.0,0.0,4.0,12.0,14.0,12.0,13.846153846153848,0.0,5.0,12.0,18.0,11.0,14.090909090909092,0.0,8.9,1.4,3.51,1
1.0,17.0,1.0,9773.0,1.0,1.0,125.0,1.0,37.0,37.0,5.0,7.0,120.1,0.0,0.0,0.0,1.0,0.0,1.0,18.0,0.0,0.0,6.0,7.0,6.0,12.5,0.0,0.0,6.0,8.0,6.0,13.333333333333334,0.0,16.2,0.3,-0.92,1
1.0,1.0,1.0,9130.0,1.0,1.0,160.0,1.0,3.0,3.0,3.0,2.0,155.1,1.0,0.0,0.0,1.0,0.0,0.0,20.0,0.0,0.0,5.0,5.0,5.0,16.4,0.0,0.0,5.0,5.0,5.0,14.6,0.0,12.7,3.7,-1.7,1
1.0,51.0,1.0,9070.0,1.0,1.0,130.0,1.0,19.0,19.0,5.0,7.0,124.5,0.0,0.0,0.0,1.0,0.0,1.0,20.0,0.0,5.0,11.0,11.0,11.0,13.818181818181818,0.0,5.0,11.0,11.0,11.0,13.454545454545457,0.0,11.1,0.6,2.02,1
1.0,17.0,1.0,9238.0,1.0,1.0,144.0,1.0,3.0,1.0,2.0,3.0,126.9,0.0,0.0,0.0,1.0,0.0,0.0,19.0,0.0,0.0,6.0,8.0,5.0,10.6,0.0,0.0,6.0,11.0,4.0,10.5,0.0,15.5,2.8,-4.06,1
1.0,39.0,1.0,9147.0,1.0,19.0,133.1,1.0,3.0,1.0,3.0,5.0,153.2,1.0,0.0,1.0,1.0,0.0,0.0,24.0,0.0,0.0,5.0,8.0,5.0,10.2,0.0,0.0,5.0,6.0,5.0,12.2,0.0,12.4,0.5,1.79,1
1.0,43.0,1.0,8014.0,0.0,1.0,133.1,1.0,3.0,3.0,2.0,3.0,135.0,0.0,0.0,0.0,1.0,0.0,0.0,27.0,0.0,7.0,10.0,10.0,9.0,11.444444444444445,0.0,4.0,11.0,11.0,5.0,10.8,0.0,10.8,1.4,1.74,0
1.0,43.0,6.0,9238.0,1.0,1.0,129.0,1.0,34.0,34.0,0.0,0.0,125.2,0.0,0.0,0.0,1.0,0.0,1.0,23.0,0.0,15.0,16.0,18.0,16.0,13.0,0.0,11.0,13.0,15.0,13.0,13.266666666666667,0.0,9.4,-0.8,-3.12,1
1.0,1.0,5.0,9500.0,1.0,1.0,144.0,1.0,19.0,38.0,4.0,8.0,141.3,1.0,0.0,0.0,1.0,0.0,1.0,18.0,0.0,0.0,8.0,9.0,8.0,13.31,1.0,0.0,8.0,9.0,8.0,13.31,1.0,9.4,-0.8,-3.12,1
1.0,17.0,1.0,9238.0,1.0,1.0,120.0,1.0,37.0,37.0,4.0,9.0,117.1,1.0,0.0,0.0,1.0,0.0,1.0,18.0,0.0,0.0,6.0,10.0,5.0,10.571428571428571,1.0,0.0,6.0,9.0,5.0,12.2,0.0,12.7,3.7,-1.7,1
1.0,17.0,3.0,9500.0,1.0,1.0,144.0,1.0,1.0,37.0,9.0,9.0,126.5,1.0,0.0,0.0,1.0,0.0,1.0,20.0,0.0,0.0,8.0,8.0,7.0,13.487142857142857,0.0,0.0,8.0,8.0,7.0,13.487142857142857,0.0,10.8,1.4,1.74,1
1.0,1.0,1.0,9254.0,1.0,1.0,132.0,1.0,19.0,38.0,9.0,7.0,120.1,0.0,0.0,0.0,1.0,0.0,1.0,20.0,0.0,0.0,6.0,6.0,6.0,12.333333333333334,0.0,0.0,6.0,7.0,6.0,11.833333333333334,0.0,13.9,-0.3,0.79,1
1.0,1.0,1.0,9670.0,1.0,1.0,142.0,1.0,38.0,19.0,7.0,10.0,128.4,0.0,0.0,0.0,1.0,0.0,0.0,23.0,0.0,0.0,6.0,11.0,6.0,11.875,0.0,0.0,6.0,9.0,5.0,12.833333333333334,0.0,11.1,0.6,2.02,0
1.0,1.0,2.0,9500.0,1.0,1.0,136.0,1.0,19.0,19.0,9.0,9.0,140.0,1.0,0.0,0.0,1.0,0.0,0.0,20.0,0.0,0.0,7.0,7.0,6.0,13.966666666666669,0.0,0.0,7.0,7.0,6.0,13.966666666666669,0.0,7.6,2.6,0.32,1
1.0,39.0,1.0,9254.0,1.0,9.0,133.1,1.0,34.0,34.0,0.0,0.0,110.0,1.0,0.0,0.0,0.0,0.0,0.0,28.0,0.0,0.0,5.0,10.0,0.0,0.0,0.0,0.0,5.0,10.0,0.0,0.0,0.0,7.6,2.6,0.32,0
1.0,1.0,1.0,9670.0,1.0,1.0,122.0,1.0,1.0,19.0,3.0,5.0,116.8,1.0,0.0,0.0,1.0,0.0,0.0,21.0,0.0,0.0,5.0,8.0,4.0,11.5,0.0,0.0,5.0,5.0,5.0,12.8,0.0,7.6,2.6,0.32,1
1.0,1.0,2.0,9556.0,1.0,1.0,133.1,1.0,19.0,19.0,9.0,9.0,104.5,1.0,0.0,0.0,1.0,0.0,0.0,21.0,0.0,0.0,2.0,2.0,2.0,12.5,0.0,0.0,7.0,0.0,0.0,0.0,0.0,12.4,0.5,1.79,0
1.0,7.0,1.0,9500.0,1.0,3.0,140.0,1.0,34.0,34.0,0.0,0.0,140.0,0.0,0.0,0.0,1.0,0.0,0.0,28.0,0.0,0.0,7.0,0.0,0.0,0.0,0.0,0.0,8.0,0.0,0.0,0.0,0.0,7.6,2.6,0.32,0
1.0,1.0,1.0,9500.0,1.0,1.0,117.0,1.0,3.0,1.0,3.0,3.0,113.2,0.0,1.0,0.0,1.0,0.0,0.0,18.0,0.0,0.0,7.0,10.0,6.0,11.98,0.0,0.0,8.0,11.0,7.0,13.225,0.0,16.2,0.3,-0.92,1
1.0,1.0,1.0,9500.0,1.0,1.0,136.0,1.0,1.0,1.0,4.0,4.0,123.8,0.0,0.0,0.0,1.0,0.0,0.0,19.0,0.0,0.0,7.0,10.0,6.0,11.614285714285714,0.0,0.0,8.0,8.0,8.0,14.0375,0.0,13.9,-0.3,0.79,1
1.0,18.0,6.0,9500.0,1.0,1.0,141.0,1.0,1.0,19.0,1.0,1.0,126.7,1.0,0.0,0.0,1.0,0.0,1.0,18.0,0.0,0.0,8.0,8.0,7.0,14.314285714285717,0.0,0.0,8.0,8.0,7.0,14.314285714285717,0.0,12.7,3.7,-1.7,1
1.0,1.0,3.0,9500.0,1.0,1.0,130.0,1.0,3.0,1.0,2.0,5.0,133.8,0.0,0.0,0.0,1.0,0.0,0.0,19.0,0.0,0.0,7.0,0.0,0.0,0.0,0.0,0.0,8.0,0.0,0.0,0.0,0.0,7.6,2.6,0.32,0
1.0,1.0,3.0,9500.0,1.0,1.0,102.0,1.0,1.0,19.0,9.0,5.0,100.6,1.0,0.0,0.0,1.0,0.0,1.0,20.0,0.0,0.0,7.0,9.0,6.0,12.766666666666666,0.0,0.0,8.0,10.0,7.0,12.128571428571428,0.0,12.4,0.5,1.79,1
1.0,17.0,1.0,9853.0,1.0,1.0,126.0,1.0,1.0,37.0,7.0,9.0,132.7,0.0,0.0,0.0,1.0,0.0,1.0,18.0,0.0,0.0,6.0,7.0,6.0,12.666666666666666,0.0,0.0,6.0,7.0,5.0,12.2,0.0,10.8,1.4,1.74,1
1.0,43.0,2.0,9670.0,1.0,1.0,125.0,1.0,38.0,19.0,4.0,3.0,106.6,1.0,0.0,0.0,1.0,0.0,0.0,20.0,0.0,4.0,6.0,7.0,6.0,11.5,0.0,0.0,6.0,10.0,4.0,10.571428571428571,0.0,10.8,1.4,1.74,0
1.0,39.0,1.0,9670.0,1.0,1.0,120.0,1.0,1.0,19.0,5.0,4.0,140.4,0.0,0.0,0.0,1.0,0.0,0.0,31.0,0.0,2.0,6.0,13.0,5.0,11.4,0.0,0.0,6.0,14.0,4.0,11.75,0.0,13.9,-0.3,0.79,0
1.0,17.0,3.0,9500.0,1.0,1.0,132.0,1.0,37.0,37.0,9.0,7.0,128.3,1.0,0.0,0.0,1.0,0.0,1.0,19.0,0.0,0.0,7.0,8.0,7.0,14.70625,0.0,0.0,8.0,8.0,8.0,14.4775,0.0,15.5,2.8,-4.06,1
1.0,1.0,3.0,9500.0,1.0,1.0,128.0,1.0,38.0,38.0,5.0,5.0,118.6,1.0,0.0,0.0,1.0,0.0,1.0,19.0,0.0,0.0,7.0,9.0,6.0,11.814285714285717,0.0,0.0,8.0,8.0,7.0,13.542857142857144,0.0,13.9,-0.3,0.79,1
1.0,1.0,1.0,9070.0,1.0,1.0,115.0,1.0,19.0,1.0,3.0,8.0,123.4,0.0,0.0,0.0,1.0,0.0,0.0,23.0,0.0,1.0,6.0,8.0,6.0,13.0,1.0,0.0,6.0,8.0,6.0,11.875,0.0,13.9,-0.3,0.79,1
1.0,1.0,1.0,9670.0,1.0,1.0,125.0,1.0,37.0,37.0,5.0,5.0,124.0,0.0,0.0,0.0,1.0,0.0,0.0,19.0,0.0,0.0,6.0,7.0,6.0,14.857142857142858,0.0,0.0,6.0,6.0,6.0,13.333333333333334,0.0,12.4,0.5,1.79,1
1.0,1.0,6.0,9500.0,1.0,1.0,137.0,1.0,1.0,3.0,3.0,2.0,121.3,1.0,0.0,0.0,1.0,0.0,0.0,20.0,0.0,0.0,7.0,7.0,6.0,12.6,0.0,0.0,7.0,7.0,6.0,12.6,0.0,7.6,2.6,0.32,1
1.0,7.0,3.0,9130.0,1.0,3.0,130.0,1.0,19.0,37.0,90.0,5.0,130.0,0.0,0.0,1.0,0.0,0.0,0.0,27.0,0.0,1.0,5.0,6.0,2.0,11.5,0.0,0.0,5.0,5.0,1.0,11.0,0.0,12.7,3.7,-1.7,0
1.0,39.0,1.0,9556.0,1.0,19.0,100.0,1.0,37.0,38.0,9.0,9.0,120.0,0.0,0.0,0.0,1.0,0.0,0.0,29.0,0.0,0.0,7.0,9.0,1.0,10.0,0.0,0.0,7.0,0.0,0.0,0.0,0.0,12.7,3.7,-1.7,0
1.0,17.0,1.0,9254.0,1.0,1.0,122.0,1.0,1.0,19.0,4.0,3.0,130.4,1.0,0.0,0.0,1.0,0.0,0.0,18.0,0.0,0.0,6.0,10.0,5.0,11.8,0.0,0.0,6.0,10.0,5.0,12.2,0.0,11.1,0.6,2.02,1
1.0,17.0,1.0,9070.0,1.0,1.0,126.0,1.0,19.0,38.0,9.0,7.0,118.7,0.0,0.0,0.0,1.0,0.0,0.0,18.0,0.0,0.0,6.0,7.0,5.0,11.8,0.0,0.0,6.0,6.0,6.0,12.666666666666666,0.0,16.2,0.3,-0.92,1
1.0,17.0,1.0,9500.0,1.0,1.0,128.0,1.0,38.0,38.0,7.0,7.0,131.5,0.0,0.0,0.0,1.0,0.0,0.0,18.0,0.0,0.0,8.0,8.0,8.0,12.77125,0.0,0.0,8.0,8.0,8.0,12.77125,0.0,9.4,-0.8,-3.12,1
1.0,17.0,2.0,9254.0,1.0,1.0,128.0,1.0,38.0,38.0,9.0,9.0,129.1,1.0,0.0,0.0,1.0,0.0,0.0,18.0,0.0,0.0,6.0,6.0,6.0,12.666666666666666,0.0,0.0,6.0,7.0,5.0,14.6,0.0,11.1,0.6,2.02,1
1.0,7.0,2.0,9085.0,1.0,3.0,130.0,1.0,3.0,3.0,1.0,1.0,130.0,0.0,0.0,0.0,0.0,0.0,0.0,28.0,0.0,0.0,5.0,9.0,1.0,12.0,1.0,0.0,4.0,10.0,0.0,0.0,4.0,10.8,1.4,1.74,0
1.0,1.0,2.0,9500.0,1.0,1.0,135.0,1.0,37.0,1.0,7.0,7.0,132.8,1.0,0.0,0.0,1.0,0.0,1.0,18.0,0.0,0.0,8.0,12.0,7.0,11.721428571428572,0.0,0.0,8.0,12.0,7.0,11.721428571428572,0.0,12.7,3.7,-1.7,1
1.0,1.0,2.0,9773.0,1.0,1.0,138.0,1.0,19.0,1.0,9.0,3.0,133.5,1.0,0.0,0.0,1.0,0.0,0.0,18.0,0.0,0.0,6.0,6.0,6.0,12.666666666666666,0.0,0.0,6.0,6.0,6.0,13.666666666666666,0.0,12.7,3.7,-1.7,1
1.0,1.0,1.0,9130.0,1.0,1.0,150.0,1.0,5.0,5.0,2.0,2.0,146.2,0.0,0.0,0.0,1.0,0.0,0.0,18.0,0.0,0.0,5.0,12.0,4.0,13.0,2.0,0.0,5.0,6.0,5.0,14.0,0.0,9.4,-0.8,-3.12,0
1.0,1.0,2.0,9147.0,1.0,1.0,125.0,1.0,1.0,19.0,4.0,6.0,115.2,0.0,1.0,0.0,1.0,0.0,0.0,21.0,0.0,0.0,5.0,6.0,0.0,0.0,0.0,0.0,5.0,5.0,0.0,0.0,0.0,15.5,2.8,-4.06,0
2.0,39.0,1.0,8014.0,0.0,1.0,120.0,1.0,34.0,34.0,99.0,99.0,101.8,0.0,0.0,0.0,0.0,0.0,0.0,32.0,0.0,0.0,5.0,5.0,0.0,0.0,0.0,0.0,5.0,10.0,0.0,0.0,0.0,10.8,1.4,1.74,0
1.0,39.0,2.0,9670.0,1.0,1.0,140.0,1.0,34.0,34.0,0.0,0.0,100.0,0.0,0.0,0.0,1.0,0.0,0.0,28.0,0.0,0.0,5.0,6.0,4.0,12.5,0.0,0.0,5.0,7.0,4.0,11.75,0.0,7.6,2.6,0.32,1
1.0,39.0,1.0,9991.0,0.0,1.0,100.0,1.0,37.0,19.0,9.0,2.0,121.9,0.0,0.0,0.0,0.0,0.0,0.0,40.0,0.0,0.0,4.0,4.0,0.0,0.0,0.0,0.0,5.0,0.0,0.0,0.0,0.0,12.7,3.7,-1.7,0
2.0,18.0,2.0,8014.0,0.0,1.0,140.0,1.0,37.0,37.0,9.0,10.0,120.4,0.0,0.0,1.0,0.0,0.0,0.0,39.0,0.0,0.0,5.0,5.0,0.0,0.0,0.0,0.0,4.0,4.0,0.0,0.0,0.0,9.4,-0.8,-3.12,0
2.0,18.0,2.0,9238.0,1.0,1.0,140.0,1.0,37.0,37.0,9.0,10.0,120.4,0.0,0.0,1.0,0.0,0.0,0.0,39.0,0.0,0.0,6.0,0.0,0.0,0.0,0.0,0.0,6.0,0.0,0.0,0.0,0.0,9.4,-0.8,-3.12,0
2.0,39.0,1.0,9003.0,1.0,1.0,120.0,1.0,37.0,19.0,9.0,4.0,148.8,0.0,0.0,0.0,1.0,0.0,0.0,50.0,0.0,0.0,6.0,7.0,6.0,12.5,0.0,0.0,6.0,15.0,5.0,12.4,0.0,8.9,1.4,3.51,1
1.0,17.0,2.0,9853.0,1.0,1.0,138.0,1.0,1.0,1.0,9.0,4.0,123.0,1.0,0.0,0.0,1.0,0.0,0.0,23.0,0.0,0.0,6.0,10.0,5.0,12.8,0.0,0.0,6.0,9.0,3.0,11.666666666666666,0.0,10.8,1.4,1.74,0
4.0,39.0,1.0,8014.0,0.0,19.0,133.1,1.0,34.0,34.0,0.0,0.0,100.0,0.0,0.0,0.0,1.0,0.0,0.0,48.0,0.0,0.0,6.0,11.0,1.0,10.0,0.0,0.0,6.0,11.0,1.0,11.0,0.0,9.4,-0.8,-3.12,0
1.0,17.0,2.0,9853.0,1.0,1.0,118.0,1.0,37.0,37.0,9.0,9.0,112.1,1.0,0.0,0.0,1.0,0.0,0.0,23.0,0.0,0.0,6.0,11.0,4.0,11.25,0.0,0.0,6.0,10.0,5.0,10.2,0.0,7.6,2.6,0.32,0
1.0,1.0,6.0,9500.0,1.0,1.0,135.0,1.0,37.0,1.0,5.0,5.0,126.8,1.0,0.0,0.0,1.0,0.0,1.0,18.0,0.0,0.0,8.0,8.0,7.0,12.61,0.0,0.0,8.0,8.0,7.0,12.61,0.0,10.8,1.4,1.74,1
1.0,17.0,1.0,9130.0,1.0,1.0,130.0,1.0,3.0,19.0,2.0,9.0,115.9,0.0,0.0,0.0,1.0,0.0,0.0,18.0,0.0,0.0,5.0,14.0,2.0,12.0,2.0,0.0,5.0,6.0,5.0,12.6,0.0,9.4,-0.8,-3.12,1
1.0,15.0,1.0,9238.0,1.0,1.0,150.0,26.0,3.0,37.0,2.0,8.0,132.5,1.0,0.0,0.0,0.0,0.0,0.0,20.0,1.0,0.0,6.0,9.0,5.0,13.0,0.0,0.0,6.0,7.0,6.0,13.5,0.0,13.9,-0.3,0.79,1
1.0,18.0,3.0,9085.0,1.0,1.0,149.0,103.0,1.0,1.0,9.0,9.0,132.2,1.0,0.0,0.0,1.0,0.0,1.0,18.0,1.0,0.0,5.0,9.0,4.0,12.0,0.0,0.0,5.0,8.0,5.0,13.0,0.0,10.8,1.4,1.74,1
1.0,1.0,1.0,9556.0,1.0,1.0,180.0,103.0,5.0,3.0,1.0,1.0,183.5,1.0,0.0,0.0,1.0,0.0,0.0,18.0,1.0,0.0,7.0,8.0,4.0,12.0,0.0,0.0,8.0,8.0,0.0,0.0,0.0,16.2,0.3,-0.92,0
1.0,43.0,1.0,9119.0,1.0,1.0,133.1,1.0,1.0,1.0,9.0,3.0,136.0,0.0,0.0,0.0,1.0,1.0,0.0,31.0,0.0,0.0,5.0,12.0,1.0,12.0,0.0,0.0,5.0,9.0,1.0,11.0,4.0,16.2,0.3,-0.92,0
1.0,39.0,1.0,171.0,1.0,1.0,145.0,1.0,3.0,1.0,2.0,10.0,114.5,1.0,0.0,0.0,1.0,1.0,0.0,24.0,0.0,0.0,0.0,0.0,0.0,0.0,0.0,0.0,0.0,0.0,0.0,0.0,0.0,9.4,-0.8,-3.12,1
1.0,39.0,1.0,9147.0,1.0,1.0,110.0,1.0,37.0,37.0,9.0,9.0,110.3,0.0,0.0,1.0,0.0,1.0,0.0,26.0,0.0,0.0,5.0,5.0,0.0,0.0,0.0,0.0,5.0,9.0,0.0,0.0,0.0,10.8,1.4,1.74,0
1.0,1.0,1.0,9130.0,1.0,1.0,154.0,1.0,3.0,3.0,2.0,2.0,137.2,1.0,0.0,1.0,1.0,1.0,0.0,18.0,0.0,0.0,6.0,11.0,5.0,13.625,0.0,0.0,6.0,9.0,4.0,11.75,0.0,16.2,0.3,-0.92,0
1.0,17.0,1.0,9670.0,1.0,1.0,133.0,1.0,19.0,37.0,9.0,8.0,121.8,1.0,0.0,0.0,1.0,1.0,0.0,22.0,0.0,0.0,6.0,0.0,0.0,0.0,0.0,0.0,6.0,0.0,0.0,0.0,0.0,13.9,-0.3,0.79,0
1.0,1.0,2.0,9500.0,1.0,1.0,145.0,1.0,4.0,2.0,2.0,3.0,127.3,1.0,0.0,0.0,1.0,1.0,0.0,18.0,0.0,0.0,8.0,8.0,7.0,11.69,0.0,0.0,8.0,8.0,7.0,11.69,0.0,10.8,1.4,1.74,1
1.0,44.0,1.0,9070.0,1.0,39.0,120.0,1.0,1.0,19.0,4.0,7.0,120.0,0.0,0.0,1.0,0.0,1.0,0.0,20.0,0.0,0.0,6.0,11.0,0.0,0.0,6.0,0.0,6.0,12.0,0.0,0.0,12.0,16.2,0.3,-0.92,0
1.0,44.0,1.0,171.0,1.0,39.0,150.0,1.0,4.0,4.0,2.0,2.0,150.0,0.0,0.0,0.0,1.0,1.0,0.0,25.0,0.0,0.0,0.0,0.0,0.0,0.0,0.0,0.0,0.0,0.0,0.0,0.0,0.0,15.5,2.8,-4.06,1
1.0,43.0,1.0,9991.0,0.0,1.0,150.0,1.0,3.0,3.0,4.0,4.0,100.0,1.0,0.0,0.0,1.0,1.0,0.0,24.0,0.0,0.0,5.0,10.0,4.0,11.5,0.0,0.0,5.0,11.0,5.0,11.285714285714286,0.0,13.9,-0.3,0.79,1
1.0,39.0,1.0,9119.0,1.0,1.0,150.0,1.0,3.0,3.0,4.0,4.0,150.0,1.0,0.0,0.0,1.0,1.0,0.0,27.0,0.0,0.0,5.0,10.0,1.0,14.0,0.0,0.0,5.0,0.0,0.0,0.0,0.0,8.9,1.4,3.51,0
1.0,17.0,1.0,9254.0,1.0,1.0,127.0,1.0,3.0,19.0,4.0,4.0,116.9,0.0,0.0,0.0,1.0,1.0,0.0,21.0,0.0,0.0,6.0,7.0,5.0,11.0,0.0,0.0,6.0,7.0,5.0,12.4,0.0,15.5,2.8,-4.06,1
1.0,44.0,1.0,9003.0,1.0,39.0,140.0,1.0,19.0,38.0,3.0,9.0,140.0,1.0,0.0,0.0,1.0,1.0,0.0,21.0,0.0,0.0,6.0,7.0,6.0,12.857142857142858,0.0,0.0,6.0,6.0,6.0,13.166666666666666,0.0,12.4,0.5,1.79,1
1.0,18.0,3.0,9773.0,1.0,1.0,128.0,1.0,19.0,1.0,9.0,9.0,122.1,1.0,0.0,0.0,1.0,1.0,0.0,19.0,0.0,0.0,6.0,9.0,4.0,12.5,0.0,0.0,6.0,6.0,6.0,11.333333333333334,0.0,10.8,1.4,1.74,0
1.0,39.0,1.0,9500.0,1.0,1.0,127.0,1.0,19.0,19.0,5.0,5.0,160.0,0.0,0.0,0.0,1.0,1.0,0.0,28.0,0.0,0.0,7.0,7.0,7.0,14.528571428571428,0.0,0.0,8.0,11.0,8.0,15.018181818181818,0.0,16.2,0.3,-0.92,1
1.0,44.0,1.0,9003.0,1.0,39.0,150.0,1.0,1.0,19.0,4.0,10.0,150.0,0.0,0.0,0.0,1.0,1.0,1.0,21.0,0.0,0.0,6.0,8.0,6.0,13.0,0.0,0.0,6.0,10.0,6.0,12.625,0.0,15.5,2.8,-4.06,1
1.0,1.0,1.0,9500.0,1.0,1.0,154.0,1.0,1.0,1.0,5.0,3.0,144.9,0.0,0.0,0.0,1.0,1.0,1.0,18.0,0.0,0.0,7.0,7.0,7.0,15.957142857142856,0.0,0.0,8.0,9.0,8.0,15.188888888888888,0.0,16.2,0.3,-0.92,1
1.0,17.0,2.0,9147.0,1.0,1.0,125.0,1.0,19.0,38.0,9.0,7.0,116.3,1.0,0.0,0.0,1.0,1.0,0.0,19.0,0.0,0.0,5.0,8.0,5.0,13.25,0.0,0.0,5.0,8.0,5.0,11.0,0.0,13.9,-0.3,0.79,1
1.0,1.0,5.0,9119.0,1.0,1.0,126.0,1.0,12.0,19.0,4.0,5.0,122.5,1.0,0.0,0.0,1.0,1.0,0.0,19.0,0.0,0.0,5.0,12.0,3.0,12.0,0.0,0.0,5.0,10.0,3.0,12.0,0.0,12.4,0.5,1.79,0
1.0,39.0,1.0,9773.0,1.0,19.0,133.1,1.0,19.0,1.0,7.0,9.0,115.0,1.0,0.0,1.0,0.0,1.0,0.0,25.0,0.0,0.0,6.0,10.0,4.0,13.0,0.0,0.0,6.0,9.0,4.0,13.75,0.0,12.7,3.7,-1.7,0
1.0,43.0,1.0,9070.0,1.0,1.0,115.0,1.0,12.0,12.0,1.0,10.0,115.0,0.0,0.0,1.0,1.0,1.0,0.0,21.0,0.0,5.0,11.0,12.0,9.0,11.77777777777778,0.0,3.0,8.0,11.0,3.0,13.666666666666666,0.0,15.5,2.8,-4.06,0
1.0,17.0,3.0,9119.0,1.0,1.0,117.0,1.0,1.0,2.0,3.0,2.0,119.8,1.0,0.0,0.0,1.0,1.0,0.0,19.0,0.0,0.0,5.0,10.0,2.0,11.0,0.0,0.0,6.0,10.0,0.0,0.0,0.0,11.1,0.6,2.02,0
1.0,17.0,2.0,9147.0,1.0,1.0,133.1,1.0,1.0,1.0,4.0,4.0,95.0,0.0,0.0,0.0,1.0,1.0,0.0,20.0,0.0,0.0,5.0,14.0,0.0,0.0,0.0,0.0,5.0,5.0,0.0,0.0,0.0,11.1,0.6,2.02,0
1.0,44.0,1.0,9003.0,1.0,39.0,150.0,1.0,3.0,2.0,2.0,2.0,150.0,0.0,0.0,0.0,1.0,1.0,0.0,25.0,0.0,9.0,14.0,16.0,14.0,12.428571428571429,0.0,3.0,9.0,13.0,6.0,10.857142857142858,0.0,15.5,2.8,-4.06,0
1.0,1.0,1.0,171.0,1.0,1.0,161.0,1.0,37.0,37.0,9.0,9.0,144.2,1.0,0.0,0.0,1.0,1.0,0.0,18.0,0.0,0.0,0.0,0.0,0.0,0.0,0.0,0.0,0.0,0.0,0.0,0.0,0.0,7.6,2.6,0.32,1
1.0,42.0,1.0,9500.0,1.0,1.0,111.0,1.0,1.0,3.0,9.0,10.0,128.2,1.0,0.0,0.0,1.0,1.0,0.0,23.0,0.0,0.0,8.0,8.0,8.0,12.5075,0.0,0.0,8.0,8.0,8.0,12.5075,0.0,9.4,-0.8,-3.12,1
1.0,53.0,1.0,9003.0,1.0,42.0,140.0,1.0,3.0,38.0,141.0,151.0,135.3,0.0,0.0,0.0,1.0,1.0,0.0,21.0,0.0,7.0,12.0,18.0,11.0,12.090909090909092,0.0,5.0,12.0,14.0,11.0,12.0,0.0,8.9,1.4,3.51,1
1.0,39.0,1.0,9991.0,0.0,1.0,139.0,1.0,1.0,1.0,4.0,10.0,140.7,0.0,0.0,0.0,1.0,1.0,0.0,25.0,0.0,0.0,5.0,13.0,1.0,10.0,0.0,0.0,5.0,8.0,2.0,11.333333333333334,0.0,12.4,0.5,1.79,0
1.0,1.0,1.0,9130.0,1.0,1.0,132.0,1.0,19.0,38.0,9.0,9.0,130.4,1.0,0.0,0.0,1.0,1.0,0.0,18.0,0.0,0.0,6.0,6.0,6.0,13.5,0.0,0.0,6.0,9.0,5.0,13.2,0.0,8.9,1.4,3.51,1
1.0,1.0,6.0,9070.0,1.0,6.0,119.0,1.0,1.0,1.0,9.0,9.0,123.2,1.0,0.0,0.0,1.0,1.0,0.0,22.0,0.0,0.0,6.0,6.0,6.0,14.166666666666666,0.0,0.0,6.0,8.0,6.0,13.625,0.0,10.8,1.4,1.74,1
1.0,39.0,1.0,9670.0,1.0,1.0,133.1,1.0,19.0,19.0,3.0,9.0,118.0,0.0,0.0,0.0,1.0,1.0,0.0,27.0,0.0,0.0,6.0,7.0,6.0,14.0,0.0,0.0,6.0,7.0,6.0,14.714285714285714,0.0,8.9,1.4,3.51,1
1.0,39.0,1.0,9003.0,1.0,19.0,133.1,1.0,4.0,1.0,2.0,4.0,120.0,0.0,0.0,0.0,1.0,1.0,0.0,25.0,0.0,0.0,3.0,4.0,0.0,0.0,0.0,0.0,3.0,5.0,0.0,0.0,0.0,16.2,0.3,-0.92,0
1.0,17.0,4.0,9119.0,1.0,1.0,129.0,1.0,34.0,36.0,0.0,5.0,118.9,1.0,0.0,0.0,1.0,1.0,0.0,18.0,0.0,0.0,5.0,9.0,3.0,11.666666666666666,0.0,0.0,5.0,10.0,3.0,11.333333333333334,4.0,7.6,2.6,0.32,0
1.0,17.0,1.0,9085.0,1.0,1.0,128.0,1.0,38.0,19.0,8.0,8.0,117.2,0.0,0.0,0.0,1.0,1.0,0.0,20.0,0.0,0.0,5.0,7.0,5.0,14.6,1.0,0.0,5.0,5.0,5.0,14.2,0.0,12.7,3.7,-1.7,1
1.0,39.0,1.0,9003.0,1.0,1.0,120.0,1.0,3.0,4.0,2.0,2.0,120.0,0.0,0.0,0.0,1.0,1.0,0.0,27.0,0.0,0.0,6.0,10.0,5.0,13.0,0.0,0.0,6.0,13.0,5.0,11.5,0.0,16.2,0.3,-0.92,1
1.0,1.0,1.0,8014.0,0.0,1.0,130.0,1.0,1.0,1.0,9.0,9.0,118.1,0.0,0.0,0.0,1.0,1.0,0.0,20.0,0.0,0.0,6.0,7.0,6.0,12.166666666666666,0.0,0.0,6.0,9.0,6.0,12.0,0.0,7.6,2.6,0.32,1
1.0,1.0,1.0,9147.0,1.0,1.0,130.0,1.0,38.0,37.0,9.0,9.0,124.8,1.0,0.0,0.0,1.0,1.0,0.0,22.0,0.0,0.0,5.0,9.0,0.0,0.0,0.0,0.0,5.0,5.0,1.0,12.0,0.0,7.6,2.6,0.32,0
1.0,17.0,6.0,9119.0,1.0,1.0,111.0,1.0,19.0,3.0,5.0,10.0,106.5,1.0,0.0,0.0,1.0,1.0,0.0,19.0,0.0,0.0,5.0,10.0,3.0,10.5,0.0,0.0,5.0,11.0,3.0,10.8,0.0,12.4,0.5,1.79,0
1.0,43.0,4.0,171.0,1.0,1.0,117.0,1.0,19.0,12.0,9.0,10.0,109.3,0.0,0.0,0.0,1.0,1.0,0.0,19.0,0.0,0.0,0.0,0.0,0.0,0.0,0.0,0.0,0.0,0.0,0.0,0.0,0.0,9.4,-0.8,-3.12,1
2.0,39.0,1.0,9085.0,1.0,9.0,133.1,1.0,1.0,1.0,4.0,4.0,120.0,1.0,0.0,0.0,0.0,1.0,0.0,29.0,0.0,0.0,5.0,12.0,0.0,0.0,4.0,0.0,5.0,8.0,0.0,0.0,1.0,9.4,-0.8,-3.12,0
1.0,1.0,2.0,9500.0,1.0,1.0,149.0,1.0,3.0,1.0,9.0,9.0,137.5,0.0,0.0,0.0,1.0,1.0,0.0,19.0,0.0,0.0,8.0,8.0,7.0,13.828571428571427,0.0,0.0,8.0,8.0,7.0,13.828571428571427,0.0,12.7,3.7,-1.7,1
2.0,1.0,1.0,9238.0,1.0,1.0,134.0,1.0,37.0,37.0,5.0,5.0,120.4,0.0,0.0,0.0,1.0,0.0,0.0,20.0,0.0,0.0,6.0,7.0,6.0,11.5,0.0,0.0,6.0,6.0,6.0,11.666666666666666,0.0,7.6,2.6,0.32,1
1.0,1.0,4.0,9070.0,1.0,1.0,136.0,1.0,37.0,37.0,9.0,8.0,136.7,1.0,0.0,0.0,1.0,0.0,0.0,20.0,0.0,0.0,6.0,6.0,4.0,13.5,0.0,0.0,6.0,8.0,6.0,13.625,0.0,10.8,1.4,1.74,1
1.0,39.0,1.0,8014.0,0.0,1.0,133.1,1.0,34.0,5.0,0.0,1.0,118.5,1.0,0.0,0.0,1.0,0.0,0.0,31.0,0.0,0.0,6.0,12.0,0.0,0.0,0.0,0.0,6.0,0.0,0.0,0.0,0.0,7.6,2.6,0.32,0
1.0,17.0,5.0,9500.0,1.0,1.0,141.0,1.0,12.0,1.0,5.0,5.0,133.0,1.0,0.0,0.0,1.0,0.0,0.0,18.0,0.0,0.0,7.0,8.0,7.0,12.5375,0.0,0.0,8.0,9.0,7.0,12.614285714285714,0.0,13.9,-0.3,0.79,1
1.0,1.0,1.0,9147.0,1.0,1.0,148.0,1.0,37.0,38.0,9.0,8.0,133.0,1.0,0.0,0.0,1.0,0.0,0.0,18.0,0.0,0.0,5.0,10.0,4.0,12.0,0.0,0.0,5.0,9.0,4.0,12.8,0.0,13.9,-0.3,0.79,1
1.0,17.0,1.0,9254.0,1.0,1.0,102.0,1.0,37.0,37.0,7.0,7.0,102.0,0.0,0.0,0.0,1.0,0.0,0.0,19.0,0.0,0.0,6.0,8.0,5.0,11.8,0.0,0.0,6.0,8.0,5.0,11.6,0.0,10.8,1.4,1.74,1
1.0,1.0,1.0,9147.0,1.0,1.0,143.0,1.0,1.0,19.0,3.0,3.0,133.9,0.0,0.0,0.0,1.0,0.0,1.0,18.0,0.0,0.0,5.0,5.0,5.0,15.0,0.0,0.0,5.0,5.0,5.0,15.2,0.0,12.7,3.7,-1.7,1
1.0,17.0,1.0,9085.0,1.0,1.0,120.0,1.0,38.0,19.0,90.0,90.0,127.0,0.0,0.0,0.0,1.0,0.0,0.0,19.0,0.0,0.0,5.0,7.0,3.0,12.0,0.0,0.0,5.0,7.0,5.0,13.2,0.0,7.6,2.6,0.32,1
1.0,17.0,1.0,9773.0,1.0,1.0,121.0,1.0,38.0,38.0,9.0,8.0,120.4,1.0,0.0,0.0,1.0,0.0,1.0,18.0,0.0,0.0,6.0,6.0,6.0,12.833333333333334,0.0,0.0,6.0,7.0,6.0,12.285714285714286,0.0,15.5,2.8,-4.06,1
1.0,1.0,3.0,9254.0,1.0,1.0,122.0,1.0,37.0,37.0,9.0,3.0,124.5,1.0,0.0,0.0,1.0,0.0,0.0,19.0,0.0,0.0,6.0,12.0,6.0,11.666666666666666,0.0,0.0,6.0,14.0,3.0,12.0,0.0,7.6,2.6,0.32,1
1.0,1.0,4.0,9556.0,1.0,1.0,122.0,1.0,37.0,1.0,5.0,4.0,123.9,0.0,0.0,0.0,1.0,0.0,0.0,19.0,0.0,0.0,7.0,9.0,7.0,12.1625,0.0,0.0,8.0,8.0,8.0,13.825,0.0,13.9,-0.3,0.79,1
1.0,1.0,2.0,9670.0,1.0,1.0,123.0,1.0,19.0,1.0,9.0,3.0,117.8,1.0,0.0,0.0,1.0,0.0,0.0,18.0,0.0,0.0,6.0,6.0,6.0,13.833333333333334,0.0,0.0,6.0,11.0,6.0,14.555555555555555,0.0,10.8,1.4,1.74,1
1.0,44.0,1.0,9670.0,1.0,39.0,110.0,1.0,37.0,1.0,9.0,4.0,110.0,0.0,0.0,0.0,1.0,0.0,1.0,20.0,0.0,2.0,6.0,9.0,6.0,12.125,0.0,2.0,6.0,7.0,6.0,13.571428571428571,0.0,11.1,0.6,2.02,1
1.0,39.0,1.0,9991.0,0.0,3.0,120.0,1.0,37.0,37.0,9.0,9.0,141.0,0.0,0.0,0.0,1.0,0.0,0.0,29.0,0.0,10.0,15.0,15.0,11.0,11.454545454545457,0.0,9.0,13.0,16.0,11.0,11.545454545454543,0.0,10.8,1.4,1.74,0
1.0,17.0,1.0,9853.0,1.0,1.0,133.1,1.0,38.0,12.0,7.0,0.0,111.5,0.0,0.0,0.0,0.0,0.0,1.0,20.0,0.0,0.0,6.0,10.0,4.0,12.0,0.0,0.0,6.0,14.0,3.0,10.0,0.0,7.6,2.6,0.32,0
4.0,39.0,1.0,9853.0,1.0,1.0,143.0,1.0,37.0,1.0,9.0,10.0,140.0,0.0,0.0,1.0,0.0,0.0,0.0,31.0,0.0,0.0,7.0,8.0,6.0,12.666666666666666,0.0,0.0,7.0,9.0,5.0,12.6,0.0,8.9,1.4,3.51,0
1.0,17.0,1.0,9670.0,1.0,1.0,149.0,1.0,19.0,37.0,7.0,4.0,134.3,0.0,1.0,0.0,1.0,0.0,0.0,20.0,0.0,0.0,6.0,7.0,6.0,12.666666666666666,0.0,0.0,6.0,9.0,6.0,13.77777777777778,0.0,10.8,1.4,1.74,1
1.0,17.0,1.0,9003.0,1.0,1.0,133.0,1.0,38.0,37.0,9.0,9.0,125.3,1.0,0.0,0.0,1.0,0.0,0.0,21.0,0.0,12.0,18.0,22.0,18.0,11.88888888888889,1.0,11.0,13.0,13.0,13.0,11.461538461538462,0.0,15.5,2.8,-4.06,1
1.0,7.0,1.0,9130.0,1.0,3.0,140.0,1.0,19.0,38.0,9.0,9.0,140.0,1.0,0.0,0.0,1.0,0.0,0.0,23.0,0.0,0.0,6.0,0.0,0.0,0.0,0.0,0.0,6.0,0.0,0.0,0.0,0.0,12.4,0.5,1.79,0
1.0,17.0,5.0,9070.0,1.0,1.0,122.0,1.0,19.0,38.0,5.0,7.0,119.6,0.0,0.0,1.0,0.0,0.0,0.0,21.0,0.0,0.0,6.0,6.0,4.0,13.0,0.0,0.0,6.0,8.0,4.0,11.6,0.0,10.8,1.4,1.74,0
1.0,7.0,1.0,9500.0,1.0,40.0,170.0,1.0,1.0,1.0,9.0,4.0,170.0,0.0,0.0,0.0,1.0,0.0,0.0,24.0,0.0,4.0,7.0,7.0,7.0,16.885714285714283,0.0,3.0,8.0,9.0,8.0,15.744444444444444,0.0,16.2,0.3,-0.92,1
1.0,39.0,1.0,8014.0,0.0,1.0,120.0,1.0,1.0,1.0,4.0,4.0,150.5,0.0,0.0,0.0,1.0,0.0,0.0,27.0,0.0,0.0,6.0,6.0,6.0,12.5,0.0,1.0,6.0,6.0,6.0,12.333333333333334,0.0,15.5,2.8,-4.06,1
1.0,1.0,1.0,9500.0,1.0,1.0,143.0,1.0,1.0,37.0,3.0,8.0,128.0,0.0,0.0,0.0,1.0,0.0,1.0,18.0,0.0,0.0,7.0,9.0,7.0,13.055555555555555,0.0,0.0,8.0,8.0,8.0,15.8125,0.0,13.9,-0.3,0.79,1
1.0,1.0,3.0,171.0,1.0,1.0,115.0,1.0,9.0,1.0,6.0,6.0,108.7,1.0,0.0,0.0,0.0,0.0,0.0,21.0,0.0,0.0,0.0,0.0,0.0,0.0,0.0,0.0,0.0,0.0,0.0,0.0,0.0,9.4,-0.8,-3.12,0
1.0,17.0,1.0,9130.0,1.0,1.0,123.0,1.0,19.0,3.0,3.0,2.0,121.6,1.0,0.0,1.0,1.0,0.0,1.0,19.0,0.0,0.0,5.0,7.0,0.0,0.0,0.0,0.0,5.0,5.0,0.0,0.0,0.0,7.6,2.6,0.32,0
1.0,1.0,6.0,9500.0,1.0,1.0,131.0,1.0,38.0,19.0,7.0,7.0,125.3,1.0,0.0,0.0,1.0,0.0,1.0,19.0,0.0,0.0,8.0,8.0,7.0,12.355714285714283,0.0,0.0,8.0,8.0,7.0,12.355714285714283,0.0,10.8,1.4,1.74,1
1.0,17.0,1.0,9085.0,1.0,1.0,127.0,1.0,19.0,38.0,194.0,193.0,117.6,0.0,0.0,0.0,1.0,0.0,0.0,18.0,0.0,0.0,6.0,0.0,0.0,0.0,0.0,0.0,6.0,0.0,0.0,0.0,0.0,12.4,0.5,1.79,0
